courseid,testid,stuid,Tflist,knowledgeList,score,totalScore
17600,50080,5113,"1,1,1,1,1,1,0,1,0,1","1_1_2,1_1_1,1_1_3,1_2_5,1_2_2,1_3_2,1_2_8,1_2_1,1_2_3,1_2_4,1_2_6,1_2_7",16,20
17600,50080,5067,"0,1,1,1,1,1,1,1,0,1","1_1_2,1_1_1,1_1_3,1_2_5,1_2_2,1_3_2,1_2_8,1_2_1,1_2_3,1_2_4,1_2_6,1_2_7",16,20
17600,50080,5095,"1,1,1,1,1,1,1,1,1,1","1_1_2,1_1_1,1_1_3,1_2_5,1_2_2,1_3_2,1_2_8,1_2_1,1_2_3,1_2_4,1_2_6,1_2_7",20,20
17600,50080,5106,"0,0,1,1,1,0,0,1,0,1","1_1_2,1_1_1,1_1_3,1_2_5,1_2_2,1_3_2,1_2_8,1_2_1,1_2_3,1_2_4,1_2_6,1_2_7",10,20
17600,50080,5062,"1,1,1,1,1,1,1,1,1,1","1_1_2,1_1_1,1_1_3,1_2_5,1_2_2,1_3_2,1_2_8,1_2_1,1_2_3,1_2_4,1_2_6,1_2_7",20,20
17600,50080,5063,"1,1,1,1,1,1,1,1,1,1","1_1_2,1_1_1,1_1_3,1_2_5,1_2_2,1_3_2,1_2_8,1_2_1,1_2_3,1_2_4,1_2_6,1_2_7",20,20
17600,50080,5096,"1,1,1,1,1,1,1,1,1,1","1_1_2,1_1_1,1_1_3,1_2_5,1_2_2,1_3_2,1_2_8,1_2_1,1_2_3,1_2_4,1_2_6,1_2_7",20,20
17600,50080,5091,"1,1,1,1,1,1,1,1,1,1","1_1_2,1_1_1,1_1_3,1_2_5,1_2_2,1_3_2,1_2_8,1_2_1,1_2_3,1_2_4,1_2_6,1_2_7",20,20
17600,50080,5072,"1,1,1,1,0,1,1,1,1,1","1_1_2,1_1_1,1_1_3,1_2_5,1_2_2,1_3_2,1_2_8,1_2_1,1_2_3,1_2_4,1_2_6,1_2_7",18,20
17600,50080,5063,"1,1,1,1,1,1,1,1,1,1","1_1_2,1_1_1,1_1_3,1_2_5,1_2_2,1_3_2,1_2_8,1_2_1,1_2_3,1_2_4,1_2_6,1_2_7",20,20
17600,50080,5103,"1,0,0,1,1,1,1,1,1,1","1_1_2,1_1_1,1_1_3,1_2_5,1_2_2,1_3_2,1_2_8,1_2_1,1_2_3,1_2_4,1_2_6,1_2_7",16,20
17600,50080,5059,"1,1,1,1,1,1,1,1,1,1","1_1_2,1_1_1,1_1_3,1_2_5,1_2_2,1_3_2,1_2_8,1_2_1,1_2_3,1_2_4,1_2_6,1_2_7",20,20
17600,50080,5099,"1,1,1,1,1,1,1,1,1,1","1_1_2,1_1_1,1_1_3,1_2_5,1_2_2,1_3_2,1_2_8,1_2_1,1_2_3,1_2_4,1_2_6,1_2_7",20,20
17600,50080,5079,"1,1,1,1,1,1,1,1,1,1","1_1_2,1_1_1,1_1_3,1_2_5,1_2_2,1_3_2,1_2_8,1_2_1,1_2_3,1_2_4,1_2_6,1_2_7",20,20
17600,50080,5097,"1,0,1,1,1,1,1,1,1,1","1_1_2,1_1_1,1_1_3,1_2_5,1_2_2,1_3_2,1_2_8,1_2_1,1_2_3,1_2_4,1_2_6,1_2_7",18,20
17600,50080,5075,"1,0,1,1,1,1,1,1,1,1","1_1_2,1_1_1,1_1_3,1_2_5,1_2_2,1_3_2,1_2_8,1_2_1,1_2_3,1_2_4,1_2_6,1_2_7",18,20
17600,50080,5064,"1,1,1,1,0,1,1,1,1,1","1_1_2,1_1_1,1_1_3,1_2_5,1_2_2,1_3_2,1_2_8,1_2_1,1_2_3,1_2_4,1_2_6,1_2_7",18,20
17600,50080,5066,"1,0,1,1,1,1,0,1,1,1","1_1_2,1_1_1,1_1_3,1_2_5,1_2_2,1_3_2,1_2_8,1_2_1,1_2_3,1_2_4,1_2_6,1_2_7",16,20
17600,50081,5113,"1,0,1,0,0,1,0,1,1,1","2_4_1,2_1_1,6_1_1,2_4_4,2_4_2,2_4_3,2_4_5,2_2_1,6_1_4,6_1_5,6_1_2,6_1_3,2_1_2,2_2_2",12,20
17600,50081,5061,"1,1,1,1,1,1,1,1,1,1","2_4_1,2_1_1,6_1_1,2_4_4,2_4_2,2_4_3,2_4_5,2_2_1,6_1_4,6_1_5,6_1_2,6_1_3,2_1_2,2_2_2",20,20
17600,50081,5104,"1,1,1,1,1,1,1,1,1,1","2_4_1,2_1_1,6_1_1,2_4_4,2_4_2,2_4_3,2_4_5,2_2_1,6_1_4,6_1_5,6_1_2,6_1_3,2_1_2,2_2_2",20,20
17600,50080,5101,"1,1,1,1,1,1,1,1,1,1","1_1_2,1_1_1,1_1_3,1_2_5,1_2_2,1_3_2,1_2_8,1_2_1,1_2_3,1_2_4,1_2_6,1_2_7",20,20
17600,50081,5095,"1,1,1,1,1,1,1,1,1,1","2_4_1,2_1_1,6_1_1,2_4_4,2_4_2,2_4_3,2_4_5,2_2_1,6_1_4,6_1_5,6_1_2,6_1_3,2_1_2,2_2_2",20,20
17600,50080,5089,"1,0,1,1,1,1,1,1,1,1","1_1_2,1_1_1,1_1_3,1_2_5,1_2_2,1_3_2,1_2_8,1_2_1,1_2_3,1_2_4,1_2_6,1_2_7",18,20
17600,50080,5068,"1,1,1,0,0,1,1,1,1,1","1_1_2,1_1_1,1_1_3,1_2_5,1_2_2,1_3_2,1_2_8,1_2_1,1_2_3,1_2_4,1_2_6,1_2_7",16,20
17600,50080,5069,"1,1,1,1,1,1,0,1,1,1","1_1_2,1_1_1,1_1_3,1_2_5,1_2_2,1_3_2,1_2_8,1_2_1,1_2_3,1_2_4,1_2_6,1_2_7",18,20
17600,50080,5092,"1,0,1,1,1,1,1,1,1,1","1_1_2,1_1_1,1_1_3,1_2_5,1_2_2,1_3_2,1_2_8,1_2_1,1_2_3,1_2_4,1_2_6,1_2_7",18,20
17600,50080,5057,"1,1,1,1,1,1,1,1,1,1","1_1_2,1_1_1,1_1_3,1_2_5,1_2_2,1_3_2,1_2_8,1_2_1,1_2_3,1_2_4,1_2_6,1_2_7",20,20
17600,50080,5086,"1,1,0,1,0,1,1,1,1,1","1_1_2,1_1_1,1_1_3,1_2_5,1_2_2,1_3_2,1_2_8,1_2_1,1_2_3,1_2_4,1_2_6,1_2_7",16,20
17600,50081,5106,"1,0,1,0,1,1,0,1,0,0","2_4_1,2_1_1,6_1_1,2_4_4,2_4_2,2_4_3,2_4_5,2_2_1,6_1_4,6_1_5,6_1_2,6_1_3,2_1_2,2_2_2",10,20
17600,50080,5107,"1,1,1,1,1,1,1,1,1,1","1_1_2,1_1_1,1_1_3,1_2_5,1_2_2,1_3_2,1_2_8,1_2_1,1_2_3,1_2_4,1_2_6,1_2_7",20,20
17600,50080,5077,"1,1,1,1,1,1,1,1,1,1","1_1_2,1_1_1,1_1_3,1_2_5,1_2_2,1_3_2,1_2_8,1_2_1,1_2_3,1_2_4,1_2_6,1_2_7",20,20
17600,50080,5094,"1,1,0,1,1,1,1,1,1,1","1_1_2,1_1_1,1_1_3,1_2_5,1_2_2,1_3_2,1_2_8,1_2_1,1_2_3,1_2_4,1_2_6,1_2_7",18,20
17600,50080,5105,"1,1,1,1,1,1,1,1,0,1","1_1_2,1_1_1,1_1_3,1_2_5,1_2_2,1_3_2,1_2_8,1_2_1,1_2_3,1_2_4,1_2_6,1_2_7",18,20
17600,50080,5071,"1,1,1,1,1,1,1,1,1,1","1_1_2,1_1_1,1_1_3,1_2_5,1_2_2,1_3_2,1_2_8,1_2_1,1_2_3,1_2_4,1_2_6,1_2_7",20,20
17600,50080,5085,"1,0,1,1,1,1,1,1,0,1","1_1_2,1_1_1,1_1_3,1_2_5,1_2_2,1_3_2,1_2_8,1_2_1,1_2_3,1_2_4,1_2_6,1_2_7",16,20
17600,50080,5116,"1,1,1,1,1,1,0,1,1,1","1_1_2,1_1_1,1_1_3,1_2_5,1_2_2,1_3_2,1_2_8,1_2_1,1_2_3,1_2_4,1_2_6,1_2_7",18,20
17600,50080,5081,"1,1,1,1,0,1,0,1,1,1","1_1_2,1_1_1,1_1_3,1_2_5,1_2_2,1_3_2,1_2_8,1_2_1,1_2_3,1_2_4,1_2_6,1_2_7",16,20
17600,50080,5111,"1,1,1,1,1,1,1,1,1,1","1_1_2,1_1_1,1_1_3,1_2_5,1_2_2,1_3_2,1_2_8,1_2_1,1_2_3,1_2_4,1_2_6,1_2_7",20,20
17600,50080,5088,"1,1,1,1,0,1,1,1,1,1","1_1_2,1_1_1,1_1_3,1_2_5,1_2_2,1_3_2,1_2_8,1_2_1,1_2_3,1_2_4,1_2_6,1_2_7",18,20
17600,50081,5059,"1,1,1,1,1,1,1,1,1,1","2_4_1,2_1_1,6_1_1,2_4_4,2_4_2,2_4_3,2_4_5,2_2_1,6_1_4,6_1_5,6_1_2,6_1_3,2_1_2,2_2_2",20,20
17600,50080,5061,"1,0,1,1,1,1,1,1,0,1","1_1_2,1_1_1,1_1_3,1_2_5,1_2_2,1_3_2,1_2_8,1_2_1,1_2_3,1_2_4,1_2_6,1_2_7",16,20
17600,50081,5067,"1,1,1,1,1,1,1,1,1,0","2_4_1,2_1_1,6_1_1,2_4_4,2_4_2,2_4_3,2_4_5,2_2_1,6_1_4,6_1_5,6_1_2,6_1_3,2_1_2,2_2_2",18,20
17600,50080,5110,"1,0,1,1,1,1,1,1,1,1","1_1_2,1_1_1,1_1_3,1_2_5,1_2_2,1_3_2,1_2_8,1_2_1,1_2_3,1_2_4,1_2_6,1_2_7",18,20
17600,50080,5078,"1,1,1,1,1,1,1,1,0,1","1_1_2,1_1_1,1_1_3,1_2_5,1_2_2,1_3_2,1_2_8,1_2_1,1_2_3,1_2_4,1_2_6,1_2_7",18,20
17600,50080,5087,"0,0,1,1,0,1,1,1,1,1","1_1_2,1_1_1,1_1_3,1_2_5,1_2_2,1_3_2,1_2_8,1_2_1,1_2_3,1_2_4,1_2_6,1_2_7",14,20
17600,50080,5084,"1,1,1,1,1,1,1,1,1,1","1_1_2,1_1_1,1_1_3,1_2_5,1_2_2,1_3_2,1_2_8,1_2_1,1_2_3,1_2_4,1_2_6,1_2_7",20,20
17600,50080,5104,"1,1,1,1,1,1,1,1,1,1","1_1_2,1_1_1,1_1_3,1_2_5,1_2_2,1_3_2,1_2_8,1_2_1,1_2_3,1_2_4,1_2_6,1_2_7",20,20
17600,50081,5079,"1,1,1,1,1,1,1,1,1,1","2_4_1,2_1_1,6_1_1,2_4_4,2_4_2,2_4_3,2_4_5,2_2_1,6_1_4,6_1_5,6_1_2,6_1_3,2_1_2,2_2_2",20,20
17600,50081,5062,"1,1,1,1,1,1,1,1,1,1","2_4_1,2_1_1,6_1_1,2_4_4,2_4_2,2_4_3,2_4_5,2_2_1,6_1_4,6_1_5,6_1_2,6_1_3,2_1_2,2_2_2",20,20
17600,50080,5102,"1,1,1,1,1,1,1,1,1,1","1_1_2,1_1_1,1_1_3,1_2_5,1_2_2,1_3_2,1_2_8,1_2_1,1_2_3,1_2_4,1_2_6,1_2_7",20,20
17600,50081,5108,"1,0,0,1,1,0,0,1,1,1","2_4_1,2_1_1,6_1_1,2_4_4,2_4_2,2_4_3,2_4_5,2_2_1,6_1_4,6_1_5,6_1_2,6_1_3,2_1_2,2_2_2",12,20
17600,50080,5082,"1,0,1,1,1,1,1,1,1,1","1_1_2,1_1_1,1_1_3,1_2_5,1_2_2,1_3_2,1_2_8,1_2_1,1_2_3,1_2_4,1_2_6,1_2_7",18,20
17600,50080,5109,"1,1,1,1,1,1,1,1,1,1","1_1_2,1_1_1,1_1_3,1_2_5,1_2_2,1_3_2,1_2_8,1_2_1,1_2_3,1_2_4,1_2_6,1_2_7",20,20
17600,50081,5063,"1,1,1,0,1,1,1,1,1,1","2_4_1,2_1_1,6_1_1,2_4_4,2_4_2,2_4_3,2_4_5,2_2_1,6_1_4,6_1_5,6_1_2,6_1_3,2_1_2,2_2_2",18,20
17600,50080,5114,"1,0,1,1,0,1,1,1,1,1","1_1_2,1_1_1,1_1_3,1_2_5,1_2_2,1_3_2,1_2_8,1_2_1,1_2_3,1_2_4,1_2_6,1_2_7",16,20
17600,50080,5083,"1,0,1,1,1,1,1,1,1,1","1_1_2,1_1_1,1_1_3,1_2_5,1_2_2,1_3_2,1_2_8,1_2_1,1_2_3,1_2_4,1_2_6,1_2_7",18,20
17600,50081,5096,"1,1,1,1,0,1,1,1,1,0","2_4_1,2_1_1,6_1_1,2_4_4,2_4_2,2_4_3,2_4_5,2_2_1,6_1_4,6_1_5,6_1_2,6_1_3,2_1_2,2_2_2",16,20
17600,50080,5055,"1,0,1,1,0,1,1,1,0,1","1_1_2,1_1_1,1_1_3,1_2_5,1_2_2,1_3_2,1_2_8,1_2_1,1_2_3,1_2_4,1_2_6,1_2_7",14,20
17600,50080,5056,"1,0,0,0,1,1,1,1,1,1","1_1_2,1_1_1,1_1_3,1_2_5,1_2_2,1_3_2,1_2_8,1_2_1,1_2_3,1_2_4,1_2_6,1_2_7",14,20
17600,50081,5072,"1,1,1,0,1,1,1,1,1,1","2_4_1,2_1_1,6_1_1,2_4_4,2_4_2,2_4_3,2_4_5,2_2_1,6_1_4,6_1_5,6_1_2,6_1_3,2_1_2,2_2_2",18,20
17600,50080,5080,"1,1,1,0,0,1,1,1,0,1","1_1_2,1_1_1,1_1_3,1_2_5,1_2_2,1_3_2,1_2_8,1_2_1,1_2_3,1_2_4,1_2_6,1_2_7",14,20
17600,50080,5074,"1,0,1,1,0,1,1,1,1,1","1_1_2,1_1_1,1_1_3,1_2_5,1_2_2,1_3_2,1_2_8,1_2_1,1_2_3,1_2_4,1_2_6,1_2_7",16,20
17600,50086,5113,"0,1,1,1,0,0,0,1,0,0","3_3_1,3_3_7,3_3_5,3_3_3,3_2_3,3_7_2,3_4_1,3_4_2,3_1_3,4_2_4,4_2_5",8,20
17600,50080,5090,"0,1,1,1,1,1,1,1,1,1","1_1_2,1_1_1,1_1_3,1_2_5,1_2_2,1_3_2,1_2_8,1_2_1,1_2_3,1_2_4,1_2_6,1_2_7",18,20
17600,50080,5098,"1,0,1,1,0,1,1,1,1,1","1_1_2,1_1_1,1_1_3,1_2_5,1_2_2,1_3_2,1_2_8,1_2_1,1_2_3,1_2_4,1_2_6,1_2_7",16,20
17600,50086,5076,"1,1,1,1,1,0,1,1,1,1","3_3_1,3_3_7,3_3_5,3_3_3,3_2_3,3_7_2,3_4_1,3_4_2,3_1_3,4_2_4,4_2_5",18,20
17600,50080,5065,"1,1,1,1,0,1,0,1,1,1","1_1_2,1_1_1,1_1_3,1_2_5,1_2_2,1_3_2,1_2_8,1_2_1,1_2_3,1_2_4,1_2_6,1_2_7",16,20
17600,50081,5061,"1,0,0,0,0,0,0,0,0,0","2_4_1,2_1_1,6_1_1,2_4_4,2_4_2,2_4_3,2_4_5,2_2_1,6_1_4,6_1_5,6_1_2,6_1_3,2_1_2,2_2_2",2,20
17600,50086,5106,"1,1,1,0,0,0,1,1,1,1","3_3_1,3_3_7,3_3_5,3_3_3,3_2_3,3_7_2,3_4_1,3_4_2,3_1_3,4_2_4,4_2_5",14,20
17600,50080,5119,"1,1,1,1,1,1,1,1,1,1","1_1_2,1_1_1,1_1_3,1_2_5,1_2_2,1_3_2,1_2_8,1_2_1,1_2_3,1_2_4,1_2_6,1_2_7",20,20
17600,50081,5085,"1,1,1,0,0,1,1,1,1,1","2_4_1,2_1_1,6_1_1,2_4_4,2_4_2,2_4_3,2_4_5,2_2_1,6_1_4,6_1_5,6_1_2,6_1_3,2_1_2,2_2_2",16,20
17600,50081,5099,"1,1,1,1,1,1,1,1,1,1","2_4_1,2_1_1,6_1_1,2_4_4,2_4_2,2_4_3,2_4_5,2_2_1,6_1_4,6_1_5,6_1_2,6_1_3,2_1_2,2_2_2",20,20
17600,50081,5116,"1,0,1,1,1,1,1,1,0,1","2_4_1,2_1_1,6_1_1,2_4_4,2_4_2,2_4_3,2_4_5,2_2_1,6_1_4,6_1_5,6_1_2,6_1_3,2_1_2,2_2_2",16,20
17600,50081,5103,"1,0,0,1,1,1,1,1,1,0","2_4_1,2_1_1,6_1_1,2_4_4,2_4_2,2_4_3,2_4_5,2_2_1,6_1_4,6_1_5,6_1_2,6_1_3,2_1_2,2_2_2",14,20
17600,50081,5103,"1,0,0,1,1,1,1,1,1,0","2_4_1,2_1_1,6_1_1,2_4_4,2_4_2,2_4_3,2_4_5,2_2_1,6_1_4,6_1_5,6_1_2,6_1_3,2_1_2,2_2_2",14,20
17600,50081,5064,"1,0,1,1,1,0,0,1,0,1","2_4_1,2_1_1,6_1_1,2_4_4,2_4_2,2_4_3,2_4_5,2_2_1,6_1_4,6_1_5,6_1_2,6_1_3,2_1_2,2_2_2",12,20
17600,50081,5091,"1,1,1,0,1,1,0,1,1,1","2_4_1,2_1_1,6_1_1,2_4_4,2_4_2,2_4_3,2_4_5,2_2_1,6_1_4,6_1_5,6_1_2,6_1_3,2_1_2,2_2_2",16,20
17600,50081,5103,"1,0,0,1,1,1,1,1,1,0","2_4_1,2_1_1,6_1_1,2_4_4,2_4_2,2_4_3,2_4_5,2_2_1,6_1_4,6_1_5,6_1_2,6_1_3,2_1_2,2_2_2",14,20
17600,50081,5103,"1,0,0,1,1,1,1,1,1,0","2_4_1,2_1_1,6_1_1,2_4_4,2_4_2,2_4_3,2_4_5,2_2_1,6_1_4,6_1_5,6_1_2,6_1_3,2_1_2,2_2_2",14,20
17600,50080,5076,"1,1,1,1,1,1,1,1,1,1","1_1_2,1_1_1,1_1_3,1_2_5,1_2_2,1_3_2,1_2_8,1_2_1,1_2_3,1_2_4,1_2_6,1_2_7",20,20
17600,50081,5075,"1,1,1,1,1,1,1,1,1,1","2_4_1,2_1_1,6_1_1,2_4_4,2_4_2,2_4_3,2_4_5,2_2_1,6_1_4,6_1_5,6_1_2,6_1_3,2_1_2,2_2_2",20,20
17600,50081,5097,"1,1,1,1,1,1,0,1,1,1","2_4_1,2_1_1,6_1_1,2_4_4,2_4_2,2_4_3,2_4_5,2_2_1,6_1_4,6_1_5,6_1_2,6_1_3,2_1_2,2_2_2",18,20
17600,50086,5115,"1,1,1,0,0,0,1,1,1,1","3_3_1,3_3_7,3_3_5,3_3_3,3_2_3,3_7_2,3_4_1,3_4_2,3_1_3,4_2_4,4_2_5",14,20
17600,50081,5105,"1,1,1,0,1,1,1,1,1,1","2_4_1,2_1_1,6_1_1,2_4_4,2_4_2,2_4_3,2_4_5,2_2_1,6_1_4,6_1_5,6_1_2,6_1_3,2_1_2,2_2_2",18,20
17600,50086,5112,"1,1,1,1,1,0,1,1,1,1","3_3_1,3_3_7,3_3_5,3_3_3,3_2_3,3_7_2,3_4_1,3_4_2,3_1_3,4_2_4,4_2_5",18,20
17600,50081,5086,"1,1,1,1,1,1,1,1,1,0","2_4_1,2_1_1,6_1_1,2_4_4,2_4_2,2_4_3,2_4_5,2_2_1,6_1_4,6_1_5,6_1_2,6_1_3,2_1_2,2_2_2",18,20
17600,50081,5088,"1,1,1,1,1,1,1,1,1,0","2_4_1,2_1_1,6_1_1,2_4_4,2_4_2,2_4_3,2_4_5,2_2_1,6_1_4,6_1_5,6_1_2,6_1_3,2_1_2,2_2_2",18,20
17600,50081,5089,"1,0,0,1,0,1,1,1,0,1","2_4_1,2_1_1,6_1_1,2_4_4,2_4_2,2_4_3,2_4_5,2_2_1,6_1_4,6_1_5,6_1_2,6_1_3,2_1_2,2_2_2",12,20
17600,50081,5068,"1,0,1,1,0,1,0,1,1,1","2_4_1,2_1_1,6_1_1,2_4_4,2_4_2,2_4_3,2_4_5,2_2_1,6_1_4,6_1_5,6_1_2,6_1_3,2_1_2,2_2_2",14,20
17600,50081,5071,"1,0,1,1,1,1,1,1,1,1","2_4_1,2_1_1,6_1_1,2_4_4,2_4_2,2_4_3,2_4_5,2_2_1,6_1_4,6_1_5,6_1_2,6_1_3,2_1_2,2_2_2",18,20
17600,50081,5092,"1,1,1,1,1,1,1,0,1,1","2_4_1,2_1_1,6_1_1,2_4_4,2_4_2,2_4_3,2_4_5,2_2_1,6_1_4,6_1_5,6_1_2,6_1_3,2_1_2,2_2_2",18,20
17600,50086,5058,"1,1,1,1,1,1,0,1,1,1","3_3_1,3_3_7,3_3_5,3_3_3,3_2_3,3_7_2,3_4_1,3_4_2,3_1_3,4_2_4,4_2_5",18,20
17600,50081,5110,"1,0,1,1,1,0,1,1,1,1","2_4_1,2_1_1,6_1_1,2_4_4,2_4_2,2_4_3,2_4_5,2_2_1,6_1_4,6_1_5,6_1_2,6_1_3,2_1_2,2_2_2",16,20
17600,50081,5076,"1,1,1,1,1,1,0,1,1,1","2_4_1,2_1_1,6_1_1,2_4_4,2_4_2,2_4_3,2_4_5,2_2_1,6_1_4,6_1_5,6_1_2,6_1_3,2_1_2,2_2_2",18,20
17600,50081,5069,"1,1,1,1,1,1,1,1,1,1","2_4_1,2_1_1,6_1_1,2_4_4,2_4_2,2_4_3,2_4_5,2_2_1,6_1_4,6_1_5,6_1_2,6_1_3,2_1_2,2_2_2",20,20
17600,50081,5111,"0,1,1,1,1,1,1,1,0,1","2_4_1,2_1_1,6_1_1,2_4_4,2_4_2,2_4_3,2_4_5,2_2_1,6_1_4,6_1_5,6_1_2,6_1_3,2_1_2,2_2_2",16,20
17600,50081,5085,"1,1,1,0,0,1,1,1,1,1","2_4_1,2_1_1,6_1_1,2_4_4,2_4_2,2_4_3,2_4_5,2_2_1,6_1_4,6_1_5,6_1_2,6_1_3,2_1_2,2_2_2",16,20
17600,50086,5079,"1,1,1,0,1,1,1,1,1,1","3_3_1,3_3_7,3_3_5,3_3_3,3_2_3,3_7_2,3_4_1,3_4_2,3_1_3,4_2_4,4_2_5",18,20
17600,50086,5104,"1,1,1,0,1,1,1,1,1,1","3_3_1,3_3_7,3_3_5,3_3_3,3_2_3,3_7_2,3_4_1,3_4_2,3_1_3,4_2_4,4_2_5",18,20
17600,50086,5059,"1,1,1,1,1,1,1,1,1,1","3_3_1,3_3_7,3_3_5,3_3_3,3_2_3,3_7_2,3_4_1,3_4_2,3_1_3,4_2_4,4_2_5",20,20
17600,50081,5111,"0,1,1,1,1,1,1,1,0,1","2_4_1,2_1_1,6_1_1,2_4_4,2_4_2,2_4_3,2_4_5,2_2_1,6_1_4,6_1_5,6_1_2,6_1_3,2_1_2,2_2_2",16,20
17600,50081,5101,"1,1,1,1,1,1,1,1,1,1","2_4_1,2_1_1,6_1_1,2_4_4,2_4_2,2_4_3,2_4_5,2_2_1,6_1_4,6_1_5,6_1_2,6_1_3,2_1_2,2_2_2",20,20
17600,50080,5108,"1,1,1,1,0,1,1,1,1,1","1_1_2,1_1_1,1_1_3,1_2_5,1_2_2,1_3_2,1_2_8,1_2_1,1_2_3,1_2_4,1_2_6,1_2_7",18,20
17600,50080,5112,"1,1,1,1,1,1,1,1,1,1","1_1_2,1_1_1,1_1_3,1_2_5,1_2_2,1_3_2,1_2_8,1_2_1,1_2_3,1_2_4,1_2_6,1_2_7",20,20
17600,50080,5112,"1,1,1,1,1,1,1,1,1,1","1_1_2,1_1_1,1_1_3,1_2_5,1_2_2,1_3_2,1_2_8,1_2_1,1_2_3,1_2_4,1_2_6,1_2_7",20,20
17600,50081,5109,"1,1,1,1,1,1,1,1,1,1","2_4_1,2_1_1,6_1_1,2_4_4,2_4_2,2_4_3,2_4_5,2_2_1,6_1_4,6_1_5,6_1_2,6_1_3,2_1_2,2_2_2",20,20
17600,50080,5093,"1,1,0,1,1,1,1,1,1,1","1_1_2,1_1_1,1_1_3,1_2_5,1_2_2,1_3_2,1_2_8,1_2_1,1_2_3,1_2_4,1_2_6,1_2_7",18,20
17600,50081,5112,"1,1,1,1,1,1,1,1,1,1","2_4_1,2_1_1,6_1_1,2_4_4,2_4_2,2_4_3,2_4_5,2_2_1,6_1_4,6_1_5,6_1_2,6_1_3,2_1_2,2_2_2",20,20
17600,50080,5058,"1,0,1,1,1,1,1,1,0,1","1_1_2,1_1_1,1_1_3,1_2_5,1_2_2,1_3_2,1_2_8,1_2_1,1_2_3,1_2_4,1_2_6,1_2_7",16,20
17600,50086,5095,"1,1,1,1,0,0,1,1,0,1","3_3_1,3_3_7,3_3_5,3_3_3,3_2_3,3_7_2,3_4_1,3_4_2,3_1_3,4_2_4,4_2_5",14,20
17600,50086,5085,"1,1,1,1,1,1,0,1,1,1","3_3_1,3_3_7,3_3_5,3_3_3,3_2_3,3_7_2,3_4_1,3_4_2,3_1_3,4_2_4,4_2_5",18,20
17600,50080,5073,"1,1,0,1,0,1,1,1,1,1","1_1_2,1_1_1,1_1_3,1_2_5,1_2_2,1_3_2,1_2_8,1_2_1,1_2_3,1_2_4,1_2_6,1_2_7",16,20
17600,50081,5058,"1,1,1,0,0,1,1,1,1,1","2_4_1,2_1_1,6_1_1,2_4_4,2_4_2,2_4_3,2_4_5,2_2_1,6_1_4,6_1_5,6_1_2,6_1_3,2_1_2,2_2_2",16,20
17600,50086,5114,"1,1,1,1,1,1,1,1,1,1","3_3_1,3_3_7,3_3_5,3_3_3,3_2_3,3_7_2,3_4_1,3_4_2,3_1_3,4_2_4,4_2_5",20,20
17600,50080,5073,"1,1,0,1,0,1,1,1,1,1","1_1_2,1_1_1,1_1_3,1_2_5,1_2_2,1_3_2,1_2_8,1_2_1,1_2_3,1_2_4,1_2_6,1_2_7",16,20
17600,50086,5064,"1,0,1,1,1,0,1,1,1,1","3_3_1,3_3_7,3_3_5,3_3_3,3_2_3,3_7_2,3_4_1,3_4_2,3_1_3,4_2_4,4_2_5",16,20
17600,50086,5061,"1,1,1,1,1,1,0,1,1,1","3_3_1,3_3_7,3_3_5,3_3_3,3_2_3,3_7_2,3_4_1,3_4_2,3_1_3,4_2_4,4_2_5",18,20
17600,50081,5084,"1,0,1,1,0,1,0,1,1,0","2_4_1,2_1_1,6_1_1,2_4_4,2_4_2,2_4_3,2_4_5,2_2_1,6_1_4,6_1_5,6_1_2,6_1_3,2_1_2,2_2_2",12,20
17600,50086,5105,"1,1,1,1,1,1,1,1,1,0","3_3_1,3_3_7,3_3_5,3_3_3,3_2_3,3_7_2,3_4_1,3_4_2,3_1_3,4_2_4,4_2_5",18,20
17600,50080,5070,"1,1,1,1,1,0,0,1,1,1","1_1_2,1_1_1,1_1_3,1_2_5,1_2_2,1_3_2,1_2_8,1_2_1,1_2_3,1_2_4,1_2_6,1_2_7",16,20
17600,50086,5062,"1,1,1,1,1,0,1,1,1,1","3_3_1,3_3_7,3_3_5,3_3_3,3_2_3,3_7_2,3_4_1,3_4_2,3_1_3,4_2_4,4_2_5",18,20
17600,50081,5077,"1,1,1,0,1,1,0,1,1,1","2_4_1,2_1_1,6_1_1,2_4_4,2_4_2,2_4_3,2_4_5,2_2_1,6_1_4,6_1_5,6_1_2,6_1_3,2_1_2,2_2_2",16,20
17600,50081,5087,"1,0,1,1,0,1,1,1,0,1","2_4_1,2_1_1,6_1_1,2_4_4,2_4_2,2_4_3,2_4_5,2_2_1,6_1_4,6_1_5,6_1_2,6_1_3,2_1_2,2_2_2",14,20
17600,50081,5078,"1,0,0,1,0,1,1,1,1,0","2_4_1,2_1_1,6_1_1,2_4_4,2_4_2,2_4_3,2_4_5,2_2_1,6_1_4,6_1_5,6_1_2,6_1_3,2_1_2,2_2_2",12,20
17600,50081,5107,"1,1,0,1,1,1,1,1,1,1","2_4_1,2_1_1,6_1_1,2_4_4,2_4_2,2_4_3,2_4_5,2_2_1,6_1_4,6_1_5,6_1_2,6_1_3,2_1_2,2_2_2",18,20
17600,50081,5057,"1,0,1,1,1,1,0,1,1,1","2_4_1,2_1_1,6_1_1,2_4_4,2_4_2,2_4_3,2_4_5,2_2_1,6_1_4,6_1_5,6_1_2,6_1_3,2_1_2,2_2_2",16,20
17600,-1,5095,"1,1,0,1,1,1,1","3_7_2,3_2_3,3_1_1,3_1_3",12,14
17600,50081,5066,"1,1,1,1,1,1,0,1,1,1","2_4_1,2_1_1,6_1_1,2_4_4,2_4_2,2_4_3,2_4_5,2_2_1,6_1_4,6_1_5,6_1_2,6_1_3,2_1_2,2_2_2",18,20
17600,50081,5114,"1,1,1,1,1,1,1,0,1,1","2_4_1,2_1_1,6_1_1,2_4_4,2_4_2,2_4_3,2_4_5,2_2_1,6_1_4,6_1_5,6_1_2,6_1_3,2_1_2,2_2_2",18,20
17600,50081,5082,"1,0,1,1,1,1,0,1,1,1","2_4_1,2_1_1,6_1_1,2_4_4,2_4_2,2_4_3,2_4_5,2_2_1,6_1_4,6_1_5,6_1_2,6_1_3,2_1_2,2_2_2",16,20
17600,50086,5067,"1,1,1,0,0,0,1,1,1,1","3_3_1,3_3_7,3_3_5,3_3_3,3_2_3,3_7_2,3_4_1,3_4_2,3_1_3,4_2_4,4_2_5",14,20
17600,50081,5074,"1,0,1,1,1,1,0,0,1,1","2_4_1,2_1_1,6_1_1,2_4_4,2_4_2,2_4_3,2_4_5,2_2_1,6_1_4,6_1_5,6_1_2,6_1_3,2_1_2,2_2_2",14,20
17600,-1,5095,"1,1,1","1_2_3,1_2_4,1_2_5,1_2_6,1_2_7,3_1_3,4_2_4,4_2_5",6,6
17600,50086,5086,"1,1,1,1,0,1,1,1,0,1","3_3_1,3_3_7,3_3_5,3_3_3,3_2_3,3_7_2,3_4_1,3_4_2,3_1_3,4_2_4,4_2_5",16,20
17600,50081,5094,"1,1,1,1,0,1,0,1,1,1","2_4_1,2_1_1,6_1_1,2_4_4,2_4_2,2_4_3,2_4_5,2_2_1,6_1_4,6_1_5,6_1_2,6_1_3,2_1_2,2_2_2",16,20
17600,50081,5090,"1,1,1,1,1,1,1,1,1,1","2_4_1,2_1_1,6_1_1,2_4_4,2_4_2,2_4_3,2_4_5,2_2_1,6_1_4,6_1_5,6_1_2,6_1_3,2_1_2,2_2_2",20,20
17600,50086,5088,"1,1,1,1,1,1,0,1,1,1","3_3_1,3_3_7,3_3_5,3_3_3,3_2_3,3_7_2,3_4_1,3_4_2,3_1_3,4_2_4,4_2_5",18,20
17600,50081,5098,"1,0,1,1,0,1,1,1,1,1","2_4_1,2_1_1,6_1_1,2_4_4,2_4_2,2_4_3,2_4_5,2_2_1,6_1_4,6_1_5,6_1_2,6_1_3,2_1_2,2_2_2",16,20
17600,-1,5095,"1,1,1,1","1_2_5,1_2_6,1_2_7,1_2_3,1_2_4",8,8
17600,50081,5056,"1,0,1,1,1,1,1,1,1,1","2_4_1,2_1_1,6_1_1,2_4_4,2_4_2,2_4_3,2_4_5,2_2_1,6_1_4,6_1_5,6_1_2,6_1_3,2_1_2,2_2_2",18,20
17600,50080,5115,"1,1,0,1,0,1,1,1,0,1","1_1_2,1_1_1,1_1_3,1_2_5,1_2_2,1_3_2,1_2_8,1_2_1,1_2_3,1_2_4,1_2_6,1_2_7",14,20
17600,50081,5119,"1,1,1,1,1,1,1,1,1,1","2_4_1,2_1_1,6_1_1,2_4_4,2_4_2,2_4_3,2_4_5,2_2_1,6_1_4,6_1_5,6_1_2,6_1_3,2_1_2,2_2_2",20,20
17600,-1,5095,0,"1_2_3,1_2_4,1_2_5,1_2_6,1_2_7",0,2
17600,50086,5080,"1,1,1,1,0,1,1,1,0,1","3_3_1,3_3_7,3_3_5,3_3_3,3_2_3,3_7_2,3_4_1,3_4_2,3_1_3,4_2_4,4_2_5",16,20
17600,-1,5095,"1,1,1,1","1_2_5,1_2_6,1_2_7,1_2_3,1_2_4",8,8
17600,50081,5083,"1,0,0,0,1,1,1,1,1,1","2_4_1,2_1_1,6_1_1,2_4_4,2_4_2,2_4_3,2_4_5,2_2_1,6_1_4,6_1_5,6_1_2,6_1_3,2_1_2,2_2_2",14,20
17600,50081,5102,"1,0,1,1,0,1,1,1,1,0","2_4_1,2_1_1,6_1_1,2_4_4,2_4_2,2_4_3,2_4_5,2_2_1,6_1_4,6_1_5,6_1_2,6_1_3,2_1_2,2_2_2",14,20
17600,50086,5089,"1,1,1,1,1,0,1,1,1,1","3_3_1,3_3_7,3_3_5,3_3_3,3_2_3,3_7_2,3_4_1,3_4_2,3_1_3,4_2_4,4_2_5",18,20
17600,50081,5055,"1,0,1,1,1,1,1,1,0,1","2_4_1,2_1_1,6_1_1,2_4_4,2_4_2,2_4_3,2_4_5,2_2_1,6_1_4,6_1_5,6_1_2,6_1_3,2_1_2,2_2_2",16,20
17600,50086,5097,"1,1,1,1,1,0,0,1,0,1","3_3_1,3_3_7,3_3_5,3_3_3,3_2_3,3_7_2,3_4_1,3_4_2,3_1_3,4_2_4,4_2_5",14,20
17600,50080,5060,"0,1,1,1,1,1,1,1,1,0","1_1_2,1_1_1,1_1_3,1_2_5,1_2_2,1_3_2,1_2_8,1_2_1,1_2_3,1_2_4,1_2_6,1_2_7",16,20
17600,50086,5103,"1,1,1,1,1,0,1,0,1,1","3_3_1,3_3_7,3_3_5,3_3_3,3_2_3,3_7_2,3_4_1,3_4_2,3_1_3,4_2_4,4_2_5",16,20
17600,50081,5081,"1,0,1,1,1,1,0,1,1,1","2_4_1,2_1_1,6_1_1,2_4_4,2_4_2,2_4_3,2_4_5,2_2_1,6_1_4,6_1_5,6_1_2,6_1_3,2_1_2,2_2_2",16,20
17600,50086,5071,"1,1,1,1,1,0,1,1,0,1","3_3_1,3_3_7,3_3_5,3_3_3,3_2_3,3_7_2,3_4_1,3_4_2,3_1_3,4_2_4,4_2_5",16,20
17600,50086,5110,"1,1,1,0,1,0,1,0,1,1","3_3_1,3_3_7,3_3_5,3_3_3,3_2_3,3_7_2,3_4_1,3_4_2,3_1_3,4_2_4,4_2_5",14,20
17600,50086,5108,"1,1,1,0,1,0,0,1,1,1","3_3_1,3_3_7,3_3_5,3_3_3,3_2_3,3_7_2,3_4_1,3_4_2,3_1_3,4_2_4,4_2_5",14,20
17600,50086,5068,"1,1,1,1,0,0,1,0,1,1","3_3_1,3_3_7,3_3_5,3_3_3,3_2_3,3_7_2,3_4_1,3_4_2,3_1_3,4_2_4,4_2_5",14,20
17600,50086,5116,"1,1,1,1,1,0,1,1,1,1","3_3_1,3_3_7,3_3_5,3_3_3,3_2_3,3_7_2,3_4_1,3_4_2,3_1_3,4_2_4,4_2_5",18,20
17600,50081,5065,"1,1,1,1,1,1,0,1,1,0","2_4_1,2_1_1,6_1_1,2_4_4,2_4_2,2_4_3,2_4_5,2_2_1,6_1_4,6_1_5,6_1_2,6_1_3,2_1_2,2_2_2",16,20
17600,50086,5091,"1,1,1,1,0,1,1,0,0,1","3_3_1,3_3_7,3_3_5,3_3_3,3_2_3,3_7_2,3_4_1,3_4_2,3_1_3,4_2_4,4_2_5",14,20
17600,50086,5092,"1,1,1,0,1,0,1,1,1,1","3_3_1,3_3_7,3_3_5,3_3_3,3_2_3,3_7_2,3_4_1,3_4_2,3_1_3,4_2_4,4_2_5",16,20
17600,50086,5063,"0,1,1,1,0,0,1,0,1,1","3_3_1,3_3_7,3_3_5,3_3_3,3_2_3,3_7_2,3_4_1,3_4_2,3_1_3,4_2_4,4_2_5",12,20
17600,50086,5067,"0,0,1,1,0,0,1,1,1,1","3_3_1,3_3_7,3_3_5,3_3_3,3_2_3,3_7_2,3_4_1,3_4_2,3_1_3,4_2_4,4_2_5",12,20
17600,50087,5106,"1,1,0,1,1,0,0,1,1,0","3_3_4,3_7_2,3_2_1,3_1_2,3_1_3,3_7_1,4_2_4,3_7_3,3_4_3",12,20
17600,50086,5069,"1,1,1,1,0,0,0,1,1,1","3_3_1,3_3_7,3_3_5,3_3_3,3_2_3,3_7_2,3_4_1,3_4_2,3_1_3,4_2_4,4_2_5",14,20
17600,50086,5111,"1,0,1,1,1,0,0,1,1,1","3_3_1,3_3_7,3_3_5,3_3_3,3_2_3,3_7_2,3_4_1,3_4_2,3_1_3,4_2_4,4_2_5",14,20
17600,50087,5064,"1,1,0,1,1,1,1,1,1,1","3_3_4,3_7_2,3_2_1,3_1_2,3_1_3,3_7_1,4_2_4,3_7_3,3_4_3",18,20
17600,50081,5115,"1,0,1,1,1,1,1,1,0,1","2_4_1,2_1_1,6_1_1,2_4_4,2_4_2,2_4_3,2_4_5,2_2_1,6_1_4,6_1_5,6_1_2,6_1_3,2_1_2,2_2_2",16,20
17600,50086,5075,"1,1,1,1,1,0,1,1,0,1","3_3_1,3_3_7,3_3_5,3_3_3,3_2_3,3_7_2,3_4_1,3_4_2,3_1_3,4_2_4,4_2_5",16,20
17600,50081,5093,"1,0,1,1,0,1,1,1,1,1","2_4_1,2_1_1,6_1_1,2_4_4,2_4_2,2_4_3,2_4_5,2_2_1,6_1_4,6_1_5,6_1_2,6_1_3,2_1_2,2_2_2",16,20
17600,50087,5058,"1,1,1,1,1,0,1,1,1,1","3_3_4,3_7_2,3_2_1,3_1_2,3_1_3,3_7_1,4_2_4,3_7_3,3_4_3",18,20
17600,50081,5073,"1,0,1,1,1,1,0,1,1,1","2_4_1,2_1_1,6_1_1,2_4_4,2_4_2,2_4_3,2_4_5,2_2_1,6_1_4,6_1_5,6_1_2,6_1_3,2_1_2,2_2_2",16,20
17600,50086,5109,"1,1,1,1,1,0,0,1,1,1","3_3_1,3_3_7,3_3_5,3_3_3,3_2_3,3_7_2,3_4_1,3_4_2,3_1_3,4_2_4,4_2_5",16,20
17600,50086,5096,"1,1,1,1,1,0,1,1,1,1","3_3_1,3_3_7,3_3_5,3_3_3,3_2_3,3_7_2,3_4_1,3_4_2,3_1_3,4_2_4,4_2_5",18,20
17600,50086,5079,"1,0,0,1,1,0,1,1,1,1","3_3_1,3_3_7,3_3_5,3_3_3,3_2_3,3_7_2,3_4_1,3_4_2,3_1_3,4_2_4,4_2_5",14,20
17600,50087,5103,"1,1,0,1,1,1,1,1,1,0","3_3_4,3_7_2,3_2_1,3_1_2,3_1_3,3_7_1,4_2_4,3_7_3,3_4_3",16,20
17600,50086,5084,"1,0,1,0,0,0,1,1,0,1","3_3_1,3_3_7,3_3_5,3_3_3,3_2_3,3_7_2,3_4_1,3_4_2,3_1_3,4_2_4,4_2_5",10,20
17600,50087,5108,"1,0,0,1,1,1,1,1,1,0","3_3_4,3_7_2,3_2_1,3_1_2,3_1_3,3_7_1,4_2_4,3_7_3,3_4_3",14,20
17600,50088,5061,"1,1,1,1,0,1,1,0,1,1,1,1,1,1,0,1,1,1,0,1","2_1_2,2_1_1,2_1_3,2_4_1,2_4_4,2_4_2,2_4_3,2_4_5,2_2_2",32,40
17600,50086,5089,"1,0,0,1,1,0,1,1,1,1","3_3_1,3_3_7,3_3_5,3_3_3,3_2_3,3_7_2,3_4_1,3_4_2,3_1_3,4_2_4,4_2_5",14,20
17600,50087,5088,"1,1,1,1,1,0,1,1,1,1","3_3_4,3_7_2,3_2_1,3_1_2,3_1_3,3_7_1,4_2_4,3_7_3,3_4_3",18,20
17600,50087,5076,"1,1,1,1,1,1,0,1,1,1","3_3_4,3_7_2,3_2_1,3_1_2,3_1_3,3_7_1,4_2_4,3_7_3,3_4_3",18,20
17600,50081,5060,"1,1,1,1,1,0,1,1,0,0","2_4_1,2_1_1,6_1_1,2_4_4,2_4_2,2_4_3,2_4_5,2_2_1,6_1_4,6_1_5,6_1_2,6_1_3,2_1_2,2_2_2",14,20
17600,50087,5112,"1,1,0,1,1,1,0,1,1,0","3_3_4,3_7_2,3_2_1,3_1_2,3_1_3,3_7_1,4_2_4,3_7_3,3_4_3",14,20
17600,50086,5098,"1,1,1,0,1,0,1,1,1,1","3_3_1,3_3_7,3_3_5,3_3_3,3_2_3,3_7_2,3_4_1,3_4_2,3_1_3,4_2_4,4_2_5",16,20
17600,50086,5099,"1,1,1,0,0,1,1,1,0,1","3_3_1,3_3_7,3_3_5,3_3_3,3_2_3,3_7_2,3_4_1,3_4_2,3_1_3,4_2_4,4_2_5",14,20
17600,50086,5087,"1,1,1,1,0,0,1,0,1,1","3_3_1,3_3_7,3_3_5,3_3_3,3_2_3,3_7_2,3_4_1,3_4_2,3_1_3,4_2_4,4_2_5",14,20
17600,50087,5062,"1,1,1,1,1,1,1,1,1,1","3_3_4,3_7_2,3_2_1,3_1_2,3_1_3,3_7_1,4_2_4,3_7_3,3_4_3",20,20
17600,50086,5072,"1,0,1,1,0,0,1,0,1,1","3_3_1,3_3_7,3_3_5,3_3_3,3_2_3,3_7_2,3_4_1,3_4_2,3_1_3,4_2_4,4_2_5",12,20
17600,50086,5101,"1,1,1,1,1,1,0,1,1,1","3_3_1,3_3_7,3_3_5,3_3_3,3_2_3,3_7_2,3_4_1,3_4_2,3_1_3,4_2_4,4_2_5",18,20
17600,50086,5082,"1,1,1,1,1,0,1,1,1,1","3_3_1,3_3_7,3_3_5,3_3_3,3_2_3,3_7_2,3_4_1,3_4_2,3_1_3,4_2_4,4_2_5",18,20
17600,50081,5070,"1,0,1,0,1,0,0,0,0,1","2_4_1,2_1_1,6_1_1,2_4_4,2_4_2,2_4_3,2_4_5,2_2_1,6_1_4,6_1_5,6_1_2,6_1_3,2_1_2,2_2_2",8,20
17600,50088,5106,"1,1,1,1,1,0,0,1,1,1,0,1,1,1,1,0,1,1,0,0","2_1_2,2_1_1,2_1_3,2_4_1,2_4_4,2_4_2,2_4_3,2_4_5,2_2_2",28,40
17600,50087,5061,"1,1,1,1,1,0,1,1,1,1","3_3_4,3_7_2,3_2_1,3_1_2,3_1_3,3_7_1,4_2_4,3_7_3,3_4_3",18,20
17600,50087,5079,"1,1,1,1,1,1,1,1,1,1","3_3_4,3_7_2,3_2_1,3_1_2,3_1_3,3_7_1,4_2_4,3_7_3,3_4_3",20,20
17600,50086,5119,"1,1,1,1,1,0,1,1,1,1","3_3_1,3_3_7,3_3_5,3_3_3,3_2_3,3_7_2,3_4_1,3_4_2,3_1_3,4_2_4,4_2_5",18,20
17600,50081,5080,"1,0,0,0,0,1,1,1,0,0","2_4_1,2_1_1,6_1_1,2_4_4,2_4_2,2_4_3,2_4_5,2_2_1,6_1_4,6_1_5,6_1_2,6_1_3,2_1_2,2_2_2",8,20
17600,50088,5104,"1,1,1,1,1,1,1,1,1,1,1,1,1,1,1,1,1,1,1,1","2_1_2,2_1_1,2_1_3,2_4_1,2_4_4,2_4_2,2_4_3,2_4_5,2_2_2",40,40
17600,50086,5074,"1,1,1,0,0,1,1,1,1,1","3_3_1,3_3_7,3_3_5,3_3_3,3_2_3,3_7_2,3_4_1,3_4_2,3_1_3,4_2_4,4_2_5",16,20
17600,50088,5113,"1,1,1,1,1,1,1,1,1,0,1,1,1,1,0,0,1,1,0,1","2_1_2,2_1_1,2_1_3,2_4_1,2_4_4,2_4_2,2_4_3,2_4_5,2_2_2",32,40
17600,50087,5112,"1,1,1,1,1,1,1,1,1,1","3_3_4,3_7_2,3_2_1,3_1_2,3_1_3,3_7_1,4_2_4,3_7_3,3_4_3",20,20
17600,50087,5116,"1,0,1,1,1,1,1,1,1,1","3_3_4,3_7_2,3_2_1,3_1_2,3_1_3,3_7_1,4_2_4,3_7_3,3_4_3",18,20
17600,50087,5086,"1,1,0,1,1,1,0,1,1,1","3_3_4,3_7_2,3_2_1,3_1_2,3_1_3,3_7_1,4_2_4,3_7_3,3_4_3",16,20
17600,50087,5110,"0,1,0,1,1,1,1,1,1,1","3_3_4,3_7_2,3_2_1,3_1_2,3_1_3,3_7_1,4_2_4,3_7_3,3_4_3",16,20
17600,50087,5059,"1,1,1,1,1,1,1,1,1,1","3_3_4,3_7_2,3_2_1,3_1_2,3_1_3,3_7_1,4_2_4,3_7_3,3_4_3",20,20
17600,50088,5085,"1,1,1,1,0,1,0,1,1,1,1,1,1,1,1,0,1,1,1,1","2_1_2,2_1_1,2_1_3,2_4_1,2_4_4,2_4_2,2_4_3,2_4_5,2_2_2",34,40
17600,50087,5089,"1,1,1,1,1,1,1,1,1,1","3_3_4,3_7_2,3_2_1,3_1_2,3_1_3,3_7_1,4_2_4,3_7_3,3_4_3",20,20
17600,50087,5095,"0,1,1,1,1,1,0,0,1,1","3_3_4,3_7_2,3_2_1,3_1_2,3_1_3,3_7_1,4_2_4,3_7_3,3_4_3",14,20
17600,50086,5057,"1,0,1,0,0,1,1,1,1,1","3_3_1,3_3_7,3_3_5,3_3_3,3_2_3,3_7_2,3_4_1,3_4_2,3_1_3,4_2_4,4_2_5",14,20
17600,50087,5111,"1,0,0,1,1,1,0,1,0,0","3_3_4,3_7_2,3_2_1,3_1_2,3_1_3,3_7_1,4_2_4,3_7_3,3_4_3",10,20
17600,50088,5058,"1,1,1,1,0,1,1,0,1,1,1,1,1,1,0,1,1,1,0,1","2_1_2,2_1_1,2_1_3,2_4_1,2_4_4,2_4_2,2_4_3,2_4_5,2_2_2",32,40
17600,50087,5109,"1,1,1,1,1,1,1,1,1,1","3_3_4,3_7_2,3_2_1,3_1_2,3_1_3,3_7_1,4_2_4,3_7_3,3_4_3",20,20
17600,50087,5091,"1,0,1,1,1,1,1,1,1,0","3_3_4,3_7_2,3_2_1,3_1_2,3_1_3,3_7_1,4_2_4,3_7_3,3_4_3",16,20
17600,50087,5097,"1,1,0,1,1,1,1,1,1,1","3_3_4,3_7_2,3_2_1,3_1_2,3_1_3,3_7_1,4_2_4,3_7_3,3_4_3",18,20
17600,50087,5068,"1,0,0,1,1,1,1,1,1,1","3_3_4,3_7_2,3_2_1,3_1_2,3_1_3,3_7_1,4_2_4,3_7_3,3_4_3",16,20
17600,50087,5067,"0,0,0,1,1,1,0,0,1,1","3_3_4,3_7_2,3_2_1,3_1_2,3_1_3,3_7_1,4_2_4,3_7_3,3_4_3",10,20
17600,50086,5081,"1,1,1,1,1,1,0,1,1,1","3_3_1,3_3_7,3_3_5,3_3_3,3_2_3,3_7_2,3_4_1,3_4_2,3_1_3,4_2_4,4_2_5",18,20
17600,50086,5083,"1,1,1,1,1,0,0,1,1,1","3_3_1,3_3_7,3_3_5,3_3_3,3_2_3,3_7_2,3_4_1,3_4_2,3_1_3,4_2_4,4_2_5",16,20
17600,50087,5115,"1,0,0,1,1,1,0,1,1,1","3_3_4,3_7_2,3_2_1,3_1_2,3_1_3,3_7_1,4_2_4,3_7_3,3_4_3",14,20
17600,50087,5080,"0,0,0,1,1,0,0,0,0,1","3_3_4,3_7_2,3_2_1,3_1_2,3_1_3,3_7_1,4_2_4,3_7_3,3_4_3",6,20
17600,50086,5066,"1,1,1,1,1,0,1,1,1,1","3_3_1,3_3_7,3_3_5,3_3_3,3_2_3,3_7_2,3_4_1,3_4_2,3_1_3,4_2_4,4_2_5",18,20
17600,50088,5064,"1,1,1,1,1,1,1,1,0,1,1,1,1,1,1,1,1,1,1,1","2_1_2,2_1_1,2_1_3,2_4_1,2_4_4,2_4_2,2_4_3,2_4_5,2_2_2",38,40
17600,50087,5063,"1,1,1,1,1,1,1,0,1,0","3_3_4,3_7_2,3_2_1,3_1_2,3_1_3,3_7_1,4_2_4,3_7_3,3_4_3",16,20
17600,50086,5078,"1,1,1,1,1,0,1,0,1,1","3_3_1,3_3_7,3_3_5,3_3_3,3_2_3,3_7_2,3_4_1,3_4_2,3_1_3,4_2_4,4_2_5",16,20
17600,50086,5094,"1,1,1,0,1,0,0,1,1,0","3_3_1,3_3_7,3_3_5,3_3_3,3_2_3,3_7_2,3_4_1,3_4_2,3_1_3,4_2_4,4_2_5",12,20
17600,50086,5093,"1,1,1,1,1,0,0,1,1,1","3_3_1,3_3_7,3_3_5,3_3_3,3_2_3,3_7_2,3_4_1,3_4_2,3_1_3,4_2_4,4_2_5",16,20
17600,50088,5112,"1,1,1,1,1,1,1,1,1,1,1,1,1,1,1,1,1,1,1,1","2_1_2,2_1_1,2_1_3,2_4_1,2_4_4,2_4_2,2_4_3,2_4_5,2_2_2",40,40
17600,50087,5085,"1,1,1,1,1,0,1,1,1,1","3_3_4,3_7_2,3_2_1,3_1_2,3_1_3,3_7_1,4_2_4,3_7_3,3_4_3",18,20
17600,50086,5084,"0,0,1,1,1,0,0,1,1,1","3_3_1,3_3_7,3_3_5,3_3_3,3_2_3,3_7_2,3_4_1,3_4_2,3_1_3,4_2_4,4_2_5",12,20
17600,50088,5059,"1,1,1,1,1,1,1,1,1,1,1,1,1,1,1,1,1,1,1,1","2_1_2,2_1_1,2_1_3,2_4_1,2_4_4,2_4_2,2_4_3,2_4_5,2_2_2",40,40
17600,50088,5114,"1,1,1,1,1,0,0,0,1,1,1,1,1,1,1,1,1,1,1,1","2_1_2,2_1_1,2_1_3,2_4_1,2_4_4,2_4_2,2_4_3,2_4_5,2_2_2",34,40
17600,50087,5113,"1,1,1,1,1,1,1,1,1,1","3_3_4,3_7_2,3_2_1,3_1_2,3_1_3,3_7_1,4_2_4,3_7_3,3_4_3",20,20
17600,50086,5073,"1,1,1,0,1,0,0,1,1,1","3_3_1,3_3_7,3_3_5,3_3_3,3_2_3,3_7_2,3_4_1,3_4_2,3_1_3,4_2_4,4_2_5",14,20
17600,50086,5065,"1,1,1,1,0,0,0,1,1,1","3_3_1,3_3_7,3_3_5,3_3_3,3_2_3,3_7_2,3_4_1,3_4_2,3_1_3,4_2_4,4_2_5",14,20
17600,50087,5075,"1,1,1,1,1,1,1,1,1,1","3_3_4,3_7_2,3_2_1,3_1_2,3_1_3,3_7_1,4_2_4,3_7_3,3_4_3",20,20
17600,50086,5070,"1,1,1,1,0,0,0,1,1,1","3_3_1,3_3_7,3_3_5,3_3_3,3_2_3,3_7_2,3_4_1,3_4_2,3_1_3,4_2_4,4_2_5",14,20
17600,50088,5102,"1,1,1,1,1,1,1,1,1,1,1,1,1,1,1,1,1,1,1,0","2_1_2,2_1_1,2_1_3,2_4_1,2_4_4,2_4_2,2_4_3,2_4_5,2_2_2",38,40
17600,50087,5104,"1,1,1,1,1,1,1,1,1,1","3_3_4,3_7_2,3_2_1,3_1_2,3_1_3,3_7_1,4_2_4,3_7_3,3_4_3",20,20
17600,50086,5077,"1,1,1,1,1,0,1,1,1,1","3_3_1,3_3_7,3_3_5,3_3_3,3_2_3,3_7_2,3_4_1,3_4_2,3_1_3,4_2_4,4_2_5",18,20
17600,50087,5105,"1,1,1,1,1,1,1,1,1,1","3_3_4,3_7_2,3_2_1,3_1_2,3_1_3,3_7_1,4_2_4,3_7_3,3_4_3",20,20
17600,50086,5107,"1,1,1,1,1,0,1,1,1,1","3_3_1,3_3_7,3_3_5,3_3_3,3_2_3,3_7_2,3_4_1,3_4_2,3_1_3,4_2_4,4_2_5",18,20
17600,50088,5071,"1,1,1,1,1,1,1,1,0,1,1,1,1,1,1,1,0,1,1,1","2_1_2,2_1_1,2_1_3,2_4_1,2_4_4,2_4_2,2_4_3,2_4_5,2_2_2",36,40
17600,50087,5072,"1,1,1,1,1,1,1,1,1,1","3_3_4,3_7_2,3_2_1,3_1_2,3_1_3,3_7_1,4_2_4,3_7_3,3_4_3",20,20
17600,50087,5069,"1,1,1,1,1,1,0,1,1,1","3_3_4,3_7_2,3_2_1,3_1_2,3_1_3,3_7_1,4_2_4,3_7_3,3_4_3",18,20
17600,50087,5084,"0,0,0,1,1,1,1,1,1,1","3_3_4,3_7_2,3_2_1,3_1_2,3_1_3,3_7_1,4_2_4,3_7_3,3_4_3",14,20
17600,50086,5056,"1,0,1,1,0,0,0,0,0,1","3_3_1,3_3_7,3_3_5,3_3_3,3_2_3,3_7_2,3_4_1,3_4_2,3_1_3,4_2_4,4_2_5",8,20
17600,50086,5090,"1,1,1,1,1,0,1,1,1,1","3_3_1,3_3_7,3_3_5,3_3_3,3_2_3,3_7_2,3_4_1,3_4_2,3_1_3,4_2_4,4_2_5",18,20
17600,50087,5098,"1,1,1,1,1,1,1,1,1,1","3_3_4,3_7_2,3_2_1,3_1_2,3_1_3,3_7_1,4_2_4,3_7_3,3_4_3",20,20
17600,50087,5084,"0,0,0,1,1,1,1,1,1,1","3_3_4,3_7_2,3_2_1,3_1_2,3_1_3,3_7_1,4_2_4,3_7_3,3_4_3",14,20
17600,50087,5096,"0,1,0,1,1,1,1,0,1,1","3_3_4,3_7_2,3_2_1,3_1_2,3_1_3,3_7_1,4_2_4,3_7_3,3_4_3",14,20
17600,50086,5060,"1,0,1,1,1,0,1,1,1,1","3_3_1,3_3_7,3_3_5,3_3_3,3_2_3,3_7_2,3_4_1,3_4_2,3_1_3,4_2_4,4_2_5",16,20
17600,50088,5092,"1,1,1,1,1,1,1,1,1,1,1,1,1,1,1,1,0,1,1,1","2_1_2,2_1_1,2_1_3,2_4_1,2_4_4,2_4_2,2_4_3,2_4_5,2_2_2",38,40
17600,50087,5101,"1,1,1,1,1,1,1,1,1,1","3_3_4,3_7_2,3_2_1,3_1_2,3_1_3,3_7_1,4_2_4,3_7_3,3_4_3",20,20
17600,50087,5114,"1,1,1,1,1,1,0,1,1,1","3_3_4,3_7_2,3_2_1,3_1_2,3_1_3,3_7_1,4_2_4,3_7_3,3_4_3",18,20
17600,50088,5076,"1,1,1,1,1,1,1,1,1,1,1,1,1,1,1,1,1,1,1,1","2_1_2,2_1_1,2_1_3,2_4_1,2_4_4,2_4_2,2_4_3,2_4_5,2_2_2",40,40
17600,50088,5079,"1,1,1,1,1,0,1,1,1,1,1,1,1,1,1,1,1,1,1,1","2_1_2,2_1_1,2_1_3,2_4_1,2_4_4,2_4_2,2_4_3,2_4_5,2_2_2",38,40
17600,50088,5103,"1,1,1,1,1,1,1,0,0,1,1,1,1,1,1,1,1,1,0,1","2_1_2,2_1_1,2_1_3,2_4_1,2_4_4,2_4_2,2_4_3,2_4_5,2_2_2",34,40
17600,50088,5116,"1,1,1,1,1,1,0,1,1,1,1,1,1,1,1,1,1,1,1,1","2_1_2,2_1_1,2_1_3,2_4_1,2_4_4,2_4_2,2_4_3,2_4_5,2_2_2",38,40
17600,50087,5073,"1,0,0,1,1,1,0,1,1,1","3_3_4,3_7_2,3_2_1,3_1_2,3_1_3,3_7_1,4_2_4,3_7_3,3_4_3",14,20
17600,50087,5093,"0,0,1,1,1,1,1,1,1,1","3_3_4,3_7_2,3_2_1,3_1_2,3_1_3,3_7_1,4_2_4,3_7_3,3_4_3",16,20
17600,50086,5055,"1,0,1,1,0,0,0,0,0,1","3_3_1,3_3_7,3_3_5,3_3_3,3_2_3,3_7_2,3_4_1,3_4_2,3_1_3,4_2_4,4_2_5",8,20
17600,50088,5105,"1,1,1,1,0,1,0,1,1,1,1,1,1,1,1,1,1,1,1,1","2_1_2,2_1_1,2_1_3,2_4_1,2_4_4,2_4_2,2_4_3,2_4_5,2_2_2",36,40
17600,50088,5108,"1,1,1,1,1,1,1,1,0,1,1,1,1,1,0,1,1,1,1,1","2_1_2,2_1_1,2_1_3,2_4_1,2_4_4,2_4_2,2_4_3,2_4_5,2_2_2",36,40
17600,50087,5087,"1,1,1,1,1,1,0,1,1,1","3_3_4,3_7_2,3_2_1,3_1_2,3_1_3,3_7_1,4_2_4,3_7_3,3_4_3",18,20
17600,50088,5089,"1,1,1,1,0,1,1,1,1,1,1,1,1,1,1,1,1,1,1,1","2_1_2,2_1_1,2_1_3,2_4_1,2_4_4,2_4_2,2_4_3,2_4_5,2_2_2",38,40
17600,50087,5057,"1,1,1,1,1,1,1,1,1,1","3_3_4,3_7_2,3_2_1,3_1_2,3_1_3,3_7_1,4_2_4,3_7_3,3_4_3",20,20
17600,50087,5070,"1,1,0,1,1,1,0,1,1,0","3_3_4,3_7_2,3_2_1,3_1_2,3_1_3,3_7_1,4_2_4,3_7_3,3_4_3",14,20
17600,50087,5119,"1,1,1,1,1,1,1,1,1,1","3_3_4,3_7_2,3_2_1,3_1_2,3_1_3,3_7_1,4_2_4,3_7_3,3_4_3",20,20
17600,50087,5099,"1,1,1,1,1,0,1,1,1,1","3_3_4,3_7_2,3_2_1,3_1_2,3_1_3,3_7_1,4_2_4,3_7_3,3_4_3",18,20
17600,50087,5082,"1,1,1,1,1,1,0,1,1,1","3_3_4,3_7_2,3_2_1,3_1_2,3_1_3,3_7_1,4_2_4,3_7_3,3_4_3",18,20
17600,50088,5086,"1,0,1,0,0,1,1,1,0,1,1,1,1,1,1,1,1,1,1,1","2_1_2,2_1_1,2_1_3,2_4_1,2_4_4,2_4_2,2_4_3,2_4_5,2_2_2",32,40
17600,50088,5110,"1,1,0,1,1,1,1,1,0,1,1,1,1,1,1,1,1,1,0,1","2_1_2,2_1_1,2_1_3,2_4_1,2_4_4,2_4_2,2_4_3,2_4_5,2_2_2",34,40
17600,50088,5097,"1,0,1,0,1,1,1,1,0,1,1,1,1,1,1,1,1,1,1,1","2_1_2,2_1_1,2_1_3,2_4_1,2_4_4,2_4_2,2_4_3,2_4_5,2_2_2",34,40
17600,50088,5115,"1,0,1,0,1,1,1,1,0,0,1,1,1,1,0,1,1,1,1,0","2_1_2,2_1_1,2_1_3,2_4_1,2_4_4,2_4_2,2_4_3,2_4_5,2_2_2",28,40
17600,50088,5067,"1,1,1,1,1,1,0,1,1,1,1,1,1,1,1,1,1,1,1,1","2_1_2,2_1_1,2_1_3,2_4_1,2_4_4,2_4_2,2_4_3,2_4_5,2_2_2",38,40
17600,50087,5071,"1,1,0,1,1,0,1,1,1,1","3_3_4,3_7_2,3_2_1,3_1_2,3_1_3,3_7_1,4_2_4,3_7_3,3_4_3",16,20
17600,50087,5074,"0,0,1,1,1,1,0,1,1,1","3_3_4,3_7_2,3_2_1,3_1_2,3_1_3,3_7_1,4_2_4,3_7_3,3_4_3",14,20
17600,50088,5088,"1,1,1,1,1,1,1,1,1,1,1,1,1,1,1,1,1,1,1,1","2_1_2,2_1_1,2_1_3,2_4_1,2_4_4,2_4_2,2_4_3,2_4_5,2_2_2",40,40
17600,50087,5060,"1,0,1,1,1,1,1,1,1,1","3_3_4,3_7_2,3_2_1,3_1_2,3_1_3,3_7_1,4_2_4,3_7_3,3_4_3",18,20
17600,50087,5094,"1,0,0,1,1,1,1,1,0,0","3_3_4,3_7_2,3_2_1,3_1_2,3_1_3,3_7_1,4_2_4,3_7_3,3_4_3",12,20
17600,50087,5081,"1,1,0,1,1,1,0,1,1,1","3_3_4,3_7_2,3_2_1,3_1_2,3_1_3,3_7_1,4_2_4,3_7_3,3_4_3",16,20
17600,50088,5062,"1,1,1,1,1,1,1,1,1,1,1,1,1,1,1,1,1,1,1,1","2_1_2,2_1_1,2_1_3,2_4_1,2_4_4,2_4_2,2_4_3,2_4_5,2_2_2",40,40
17600,-1,5108,"0,0,1,1,0,0,0","3_7_2,3_2_1",4,14
17600,50088,5075,"1,1,1,1,1,1,1,1,0,1,1,1,1,1,1,1,1,1,1,1","2_1_2,2_1_1,2_1_3,2_4_1,2_4_4,2_4_2,2_4_3,2_4_5,2_2_2",38,40
17600,50087,5078,"1,0,1,1,1,1,1,1,1,1","3_3_4,3_7_2,3_2_1,3_1_2,3_1_3,3_7_1,4_2_4,3_7_3,3_4_3",18,20
17600,50088,5111,"1,1,1,1,1,0,1,1,0,1,0,1,1,1,0,1,0,1,0,1","2_1_2,2_1_1,2_1_3,2_4_1,2_4_4,2_4_2,2_4_3,2_4_5,2_2_2",28,40
17600,50087,5066,"1,1,1,1,1,1,0,0,1,1","3_3_4,3_7_2,3_2_1,3_1_2,3_1_3,3_7_1,4_2_4,3_7_3,3_4_3",16,20
17600,50087,5065,"1,1,0,1,1,1,0,1,1,1","3_3_4,3_7_2,3_2_1,3_1_2,3_1_3,3_7_1,4_2_4,3_7_3,3_4_3",16,20
17600,-1,5108,"1,1,1,1,0,1,0","3_7_2,3_2_1",10,14
17600,-1,5108,"1,1,1,1,1,1,1","3_7_2,3_2_1",14,14
17600,50086,5090,"1,0,0,1,1,0,1,1,1,1","3_3_1,3_3_7,3_3_5,3_3_3,3_2_3,3_7_2,3_4_1,3_4_2,3_1_3,4_2_4,4_2_5",14,20
17600,50088,5091,"1,1,1,1,0,1,1,1,1,1,1,1,1,1,1,1,1,1,1,1","2_1_2,2_1_1,2_1_3,2_4_1,2_4_4,2_4_2,2_4_3,2_4_5,2_2_2",38,40
17600,50090,5112,"1,1,1,1","4_2_4,4_2_5,3_1_3",8,8
17600,50090,5115,"1,1,1,1","4_2_4,4_2_5,3_1_3",8,8
17600,50090,5058,"1,0,1,1","4_2_4,4_2_5,3_1_3",6,8
17600,50088,5109,"1,1,1,1,1,1,0,1,1,1,1,1,1,1,1,1,1,1,1,1","2_1_2,2_1_1,2_1_3,2_4_1,2_4_4,2_4_2,2_4_3,2_4_5,2_2_2",38,40
17600,50088,5095,"1,1,1,1,1,1,1,1,0,1,1,1,1,1,1,1,0,1,1,1","2_1_2,2_1_1,2_1_3,2_4_1,2_4_4,2_4_2,2_4_3,2_4_5,2_2_2",36,40
17600,50087,5092,"1,1,0,1,1,1,1,1,1,1","3_3_4,3_7_2,3_2_1,3_1_2,3_1_3,3_7_1,4_2_4,3_7_3,3_4_3",18,20
17600,50087,5107,"1,1,1,1,1,1,1,1,1,1","3_3_4,3_7_2,3_2_1,3_1_2,3_1_3,3_7_1,4_2_4,3_7_3,3_4_3",20,20
17600,50087,5083,"1,1,1,1,1,1,0,1,1,1","3_3_4,3_7_2,3_2_1,3_1_2,3_1_3,3_7_1,4_2_4,3_7_3,3_4_3",18,20
17600,50090,5104,"1,1,1,1","4_2_4,4_2_5,3_1_3",8,8
17600,50087,5077,"1,1,1,1,1,1,1,1,1,1","3_3_4,3_7_2,3_2_1,3_1_2,3_1_3,3_7_1,4_2_4,3_7_3,3_4_3",20,20
17600,50090,5059,"1,1,1,1","4_2_4,4_2_5,3_1_3",8,8
17600,50090,5061,"1,1,1,1","4_2_4,4_2_5,3_1_3",8,8
17600,50088,5073,"1,1,1,1,1,1,1,1,1,1,1,0,1,1,1,1,1,1,0,1","2_1_2,2_1_1,2_1_3,2_4_1,2_4_4,2_4_2,2_4_3,2_4_5,2_2_2",36,40
17600,50088,5068,"1,1,1,1,1,0,1,1,1,1,1,1,1,1,1,1,1,1,1,1","2_1_2,2_1_1,2_1_3,2_4_1,2_4_4,2_4_2,2_4_3,2_4_5,2_2_2",38,40
17600,50088,5101,"1,1,1,1,1,1,1,1,1,1,1,1,1,1,1,1,1,1,1,1","2_1_2,2_1_1,2_1_3,2_4_1,2_4_4,2_4_2,2_4_3,2_4_5,2_2_2",40,40
17600,50090,5091,"1,1,0,0","4_2_4,4_2_5,3_1_3",4,8
17600,50086,5056,"1,0,0,0,1,0,0,1,1,1","3_3_1,3_3_7,3_3_5,3_3_3,3_2_3,3_7_2,3_4_1,3_4_2,3_1_3,4_2_4,4_2_5",10,20
17600,50085,5058,"1,0,0,0,0,0,0,0,0,0","3_2_4,3_4_1,3_6_1,3_6_4,3_6_3,3_7_3,3_7_1,3_7_6,3_7_4,3_7_5,3_3_2",2,20
17600,50088,5098,"1,1,1,1,1,1,1,1,1,1,1,1,1,1,1,1,1,1,1,1","2_1_2,2_1_1,2_1_3,2_4_1,2_4_4,2_4_2,2_4_3,2_4_5,2_2_2",40,40
17600,50085,5115,"0,0,0,0,0,0,0,0,0,0","3_2_4,3_4_1,3_6_1,3_6_4,3_6_3,3_7_3,3_7_1,3_7_6,3_7_4,3_7_5,3_3_2",0,20
17600,50088,5072,"1,1,1,1,1,1,1,1,1,1,1,1,1,1,1,1,1,1,1,1","2_1_2,2_1_1,2_1_3,2_4_1,2_4_4,2_4_2,2_4_3,2_4_5,2_2_2",40,40
17600,50089,5106,"0,0,1,1,1,1,0,0,1,1,1,0","3_6_1,3_2_4,3_4_1,3_6_4,3_2_3,3_6_3,3_7_3,3_7_5",14,24
17600,50088,5063,"1,1,1,1,1,0,0,1,0,1,1,1,1,1,0,0,1,1,1,1","2_1_2,2_1_1,2_1_3,2_4_1,2_4_4,2_4_2,2_4_3,2_4_5,2_2_2",30,40
17600,50088,5096,"1,1,1,1,1,1,0,1,1,1,1,1,1,1,1,1,1,1,1,1","2_1_2,2_1_1,2_1_3,2_4_1,2_4_4,2_4_2,2_4_3,2_4_5,2_2_2",38,40
17600,50088,5069,"1,1,1,1,1,1,1,1,1,1,1,1,1,1,1,1,1,1,1,1","2_1_2,2_1_1,2_1_3,2_4_1,2_4_4,2_4_2,2_4_3,2_4_5,2_2_2",40,40
17600,50090,5091,"1,1,0,0","4_2_4,4_2_5,3_1_3",4,8
17600,50090,5106,"1,0,1,1","4_2_4,4_2_5,3_1_3",6,8
17600,50088,5119,"1,1,1,1,1,1,1,1,1,1,1,1,1,1,1,1,1,1,1,1","2_1_2,2_1_1,2_1_3,2_4_1,2_4_4,2_4_2,2_4_3,2_4_5,2_2_2",40,40
17600,50087,5090,"1,1,1,1,1,1,1,1,1,1","3_3_4,3_7_2,3_2_1,3_1_2,3_1_3,3_7_1,4_2_4,3_7_3,3_4_3",20,20
17600,50085,5060,"0,0,0,0,1,0,0,0,0,0","3_2_4,3_4_1,3_6_1,3_6_4,3_6_3,3_7_3,3_7_1,3_7_6,3_7_4,3_7_5,3_3_2",2,20
17600,50086,5102,"1,1,1,1,1,0,1,1,1,1","3_3_1,3_3_7,3_3_5,3_3_3,3_2_3,3_7_2,3_4_1,3_4_2,3_1_3,4_2_4,4_2_5",18,20
17600,50085,5061,"0,0,0,0,0,0,0,0,0,0","3_2_4,3_4_1,3_6_1,3_6_4,3_6_3,3_7_3,3_7_1,3_7_6,3_7_4,3_7_5,3_3_2",0,20
17600,50085,5059,"0,0,1,1,0,0,0,0,0,0","3_2_4,3_4_1,3_6_1,3_6_4,3_6_3,3_7_3,3_7_1,3_7_6,3_7_4,3_7_5,3_3_2",4,20
17600,50085,5058,"1,0,0,0,0,0,0,0,0,0","3_2_4,3_4_1,3_6_1,3_6_4,3_6_3,3_7_3,3_7_1,3_7_6,3_7_4,3_7_5,3_3_2",2,20
17600,50085,5058,"1,0,0,0,0,0,0,0,0,0","3_2_4,3_4_1,3_6_1,3_6_4,3_6_3,3_7_3,3_7_1,3_7_6,3_7_4,3_7_5,3_3_2",2,20
17600,50090,5095,"1,1,1,1","4_2_4,4_2_5,3_1_3",8,8
17600,50090,5102,"1,1,1,1","4_2_4,4_2_5,3_1_3",8,8
17600,50085,5112,"0,0,0,0,0,0,0,0,0,0","3_2_4,3_4_1,3_6_1,3_6_4,3_6_3,3_7_3,3_7_1,3_7_6,3_7_4,3_7_5,3_3_2",0,20
17600,50089,5113,"1,1,0,1,0,0,0,1,0,1,1,1","3_6_1,3_2_4,3_4_1,3_6_4,3_2_3,3_6_3,3_7_3,3_7_5",14,24
17600,50089,5064,"1,1,1,1,1,1,1,1,1,1,1,1","3_6_1,3_2_4,3_4_1,3_6_4,3_2_3,3_6_3,3_7_3,3_7_5",24,24
17600,50088,5093,"1,1,1,1,1,1,1,1,1,1,1,1,1,1,0,1,1,1,1,1","2_1_2,2_1_1,2_1_3,2_4_1,2_4_4,2_4_2,2_4_3,2_4_5,2_2_2",38,40
17600,50090,5105,"1,1,1,1","4_2_4,4_2_5,3_1_3",8,8
17600,50090,5113,"1,0,1,1","4_2_4,4_2_5,3_1_3",6,8
17600,50088,5057,"1,1,1,1,1,1,1,1,1,1,1,1,1,1,0,1,1,1,1,1","2_1_2,2_1_1,2_1_3,2_4_1,2_4_4,2_4_2,2_4_3,2_4_5,2_2_2",38,40
17600,50088,5066,"1,1,1,1,1,1,1,1,1,1,1,1,1,1,1,1,1,1,1,1","2_1_2,2_1_1,2_1_3,2_4_1,2_4_4,2_4_2,2_4_3,2_4_5,2_2_2",40,40
17600,50090,5064,"1,1,1,1","4_2_4,4_2_5,3_1_3",8,8
17600,50087,5055,"1,0,1,1,1,1,0,1,1,0","3_3_4,3_7_2,3_2_1,3_1_2,3_1_3,3_7_1,4_2_4,3_7_3,3_4_3",14,20
17600,50088,5099,"1,1,1,1,0,1,1,1,0,1,1,1,1,1,0,1,1,1,0,1","2_1_2,2_1_1,2_1_3,2_4_1,2_4_4,2_4_2,2_4_3,2_4_5,2_2_2",32,40
17600,50089,5106,"0,0,1,1,1,1,1,0,1,1,1,1","3_6_1,3_2_4,3_4_1,3_6_4,3_2_3,3_6_3,3_7_3,3_7_5",18,24
17600,50088,5107,"1,1,1,0,1,1,1,1,1,1,1,1,1,1,0,1,1,1,1,1","2_1_2,2_1_1,2_1_3,2_4_1,2_4_4,2_4_2,2_4_3,2_4_5,2_2_2",36,40
17600,50088,5070,"1,1,1,1,1,0,1,1,0,1,0,1,1,1,0,1,1,1,1,1","2_1_2,2_1_1,2_1_3,2_4_1,2_4_4,2_4_2,2_4_3,2_4_5,2_2_2",32,40
17600,50091,5113,"1,1,0,1,0,1,0,0,1,1","3_2_4,3_4_1,3_6_1,3_6_4,3_6_3,3_7_3,3_7_1,3_7_6,3_7_4,3_7_5,3_3_2",12,20
17600,50088,5065,"1,1,1,1,1,0,1,1,0,1,0,1,1,1,1,1,1,1,0,0","2_1_2,2_1_1,2_1_3,2_4_1,2_4_4,2_4_2,2_4_3,2_4_5,2_2_2",30,40
17600,50090,5092,"1,1,1,1","4_2_4,4_2_5,3_1_3",8,8
17600,50085,5060,"0,0,0,0,1,0,0,1,0,0","3_2_4,3_4_1,3_6_1,3_6_4,3_6_3,3_7_3,3_7_1,3_7_6,3_7_4,3_7_5,3_3_2",4,20
17600,50088,5087,"1,0,1,1,1,1,1,1,0,1,1,0,1,1,1,1,1,1,1,0","2_1_2,2_1_1,2_1_3,2_4_1,2_4_4,2_4_2,2_4_3,2_4_5,2_2_2",32,40
17600,50088,5078,"1,1,1,1,0,0,1,1,0,1,1,1,1,0,1,1,0,1,1,1","2_1_2,2_1_1,2_1_3,2_4_1,2_4_4,2_4_2,2_4_3,2_4_5,2_2_2",30,40
17600,50089,5091,"1,1,1,0,0,0,1,0,0,1,1,1","3_6_1,3_2_4,3_4_1,3_6_4,3_2_3,3_6_3,3_7_3,3_7_5",14,24
17600,50089,5115,"1,1,0,0,0,1,0,0,1,1,0,1","3_6_1,3_2_4,3_4_1,3_6_4,3_2_3,3_6_3,3_7_3,3_7_5",12,24
17600,50089,5086,"0,0,1,1,0,1,1,1,1,1,1,1","3_6_1,3_2_4,3_4_1,3_6_4,3_2_3,3_6_3,3_7_3,3_7_5",18,24
17600,50085,5106,"1,1,1,1,1,1,1,0,0,0","3_2_4,3_4_1,3_6_1,3_6_4,3_6_3,3_7_3,3_7_1,3_7_6,3_7_4,3_7_5,3_3_2",14,20
17600,50089,5080,"0,0,1,1,0,1,1,1,1,1,1,1","3_6_1,3_2_4,3_4_1,3_6_4,3_2_3,3_6_3,3_7_3,3_7_5",18,24
17600,50089,5108,"0,1,1,0,0,0,1,0,1,1,0,1","3_6_1,3_2_4,3_4_1,3_6_4,3_2_3,3_6_3,3_7_3,3_7_5",12,24
17600,50088,5081,"1,1,1,1,1,1,1,1,1,1,1,1,1,1,1,1,1,1,1,1","2_1_2,2_1_1,2_1_3,2_4_1,2_4_4,2_4_2,2_4_3,2_4_5,2_2_2",40,40
17600,50088,5084,"1,0,1,1,1,1,1,1,0,1,0,1,1,1,1,1,1,1,1,1","2_1_2,2_1_1,2_1_3,2_4_1,2_4_4,2_4_2,2_4_3,2_4_5,2_2_2",34,40
17600,50090,5086,"1,1,1,1","4_2_4,4_2_5,3_1_3",8,8
17600,50089,5097,"1,1,1,0,1,1,1,1,0,1,0,0","3_6_1,3_2_4,3_4_1,3_6_4,3_2_3,3_6_3,3_7_3,3_7_5",16,24
17600,50085,5058,"1,0,0,0,1,1,0,1,0,0","3_2_4,3_4_1,3_6_1,3_6_4,3_6_3,3_7_3,3_7_1,3_7_6,3_7_4,3_7_5,3_3_2",8,20
17600,50089,5076,"1,1,1,0,1,1,1,0,1,1,1,1","3_6_1,3_2_4,3_4_1,3_6_4,3_2_3,3_6_3,3_7_3,3_7_5",20,24
17600,50089,5073,"0,0,1,1,1,0,0,0,1,0,0,0","3_6_1,3_2_4,3_4_1,3_6_4,3_2_3,3_6_3,3_7_3,3_7_5",8,24
17600,50090,5084,"1,1,1,1","4_2_4,4_2_5,3_1_3",8,8
17600,50090,5097,"1,1,1,1","4_2_4,4_2_5,3_1_3",8,8
17600,50089,5079,"1,0,1,0,1,0,1,1,1,1,0,0","3_6_1,3_2_4,3_4_1,3_6_4,3_2_3,3_6_3,3_7_3,3_7_5",14,24
17600,50089,5085,"0,0,1,0,1,0,0,0,1,0,0,1","3_6_1,3_2_4,3_4_1,3_6_4,3_2_3,3_6_3,3_7_3,3_7_5",8,24
17600,50090,5098,"1,1,1,1","4_2_4,4_2_5,3_1_3",8,8
17600,50090,5099,"1,0,1,1","4_2_4,4_2_5,3_1_3",6,8
17600,50090,5110,"1,1,1,0","4_2_4,4_2_5,3_1_3",6,8
17600,50090,5073,"1,1,1,1","4_2_4,4_2_5,3_1_3",8,8
17600,50087,5102,"1,1,1,1,1,1,1,1,1,1","3_3_4,3_7_2,3_2_1,3_1_2,3_1_3,3_7_1,4_2_4,3_7_3,3_4_3",20,20
17600,50088,5082,"1,1,1,1,1,1,1,1,0,1,1,1,1,1,1,1,1,1,0,1","2_1_2,2_1_1,2_1_3,2_4_1,2_4_4,2_4_2,2_4_3,2_4_5,2_2_2",36,40
17600,50089,5068,"1,1,1,0,0,1,1,1,1,1,1,1","3_6_1,3_2_4,3_4_1,3_6_4,3_2_3,3_6_3,3_7_3,3_7_5",20,24
17600,50090,5101,"1,1,1,1","4_2_4,4_2_5,3_1_3",8,8
17600,50090,5109,"1,1,1,1","4_2_4,4_2_5,3_1_3",8,8
17600,50090,5071,"1,0,1,1","4_2_4,4_2_5,3_1_3",6,8
17600,50090,5085,"1,1,1,1","4_2_4,4_2_5,3_1_3",8,8
17600,50088,5074,"1,1,1,1,1,1,1,1,1,1,1,1,1,1,1,1,1,1,1,1","2_1_2,2_1_1,2_1_3,2_4_1,2_4_4,2_4_2,2_4_3,2_4_5,2_2_2",40,40
17600,50090,5076,"1,1,1,1","4_2_4,4_2_5,3_1_3",8,8
17600,50090,5107,"0,1,1,1","4_2_4,4_2_5,3_1_3",6,8
17600,50090,5087,"1,1,1,1","4_2_4,4_2_5,3_1_3",8,8
17600,50089,5062,"1,1,1,0,1,1,1,0,1,1,1,1","3_6_1,3_2_4,3_4_1,3_6_4,3_2_3,3_6_3,3_7_3,3_7_5",20,24
17600,-1,5115,"1,1,0,0,1,1,1","3_2_1,3_7_5,3_3_2,3_4_1,3_2_4,2_1_2,3_2_3",10,14
17600,50090,5079,"1,1,1,1","4_2_4,4_2_5,3_1_3",8,8
17600,50085,5064,"1,1,1,1,1,1,1,1,1,1","3_2_4,3_4_1,3_6_1,3_6_4,3_6_3,3_7_3,3_7_1,3_7_6,3_7_4,3_7_5,3_3_2",20,20
17600,50090,5111,"1,1,1,0","4_2_4,4_2_5,3_1_3",6,8
17600,50087,5108,"0,0,1,1,1,1,1,1,0,0","3_3_4,3_7_2,3_2_1,3_1_2,3_1_3,3_7_1,4_2_4,3_7_3,3_4_3",12,20
17600,50090,5062,"1,1,1,1","4_2_4,4_2_5,3_1_3",8,8
17600,50090,5105,"1,1,1,1","4_2_4,4_2_5,3_1_3",8,8
17600,50090,5068,"1,1,1,1","4_2_4,4_2_5,3_1_3",8,8
17600,50089,5089,"1,0,1,0,1,0,1,1,1,1,1,1","3_6_1,3_2_4,3_4_1,3_6_4,3_2_3,3_6_3,3_7_3,3_7_5",18,24
17600,50090,5108,"1,1,0,0","4_2_4,4_2_5,3_1_3",4,8
17600,50088,5080,"1,1,0,1,1,0,0,0,0,0,1,0,1,1,1,0,1,1,1,1","2_1_2,2_1_1,2_1_3,2_4_1,2_4_4,2_4_2,2_4_3,2_4_5,2_2_2",24,40
17600,50090,5089,"1,1,1,1","4_2_4,4_2_5,3_1_3",8,8
17600,50089,5075,"1,1,1,1,1,0,1,1,1,1,1,1","3_6_1,3_2_4,3_4_1,3_6_4,3_2_3,3_6_3,3_7_3,3_7_5",22,24
17600,50089,5067,"1,1,1,0,1,0,1,1,1,1,1,1","3_6_1,3_2_4,3_4_1,3_6_4,3_2_3,3_6_3,3_7_3,3_7_5",20,24
17600,50089,5103,"1,1,1,0,1,0,1,1,1,1,1,1","3_6_1,3_2_4,3_4_1,3_6_4,3_2_3,3_6_3,3_7_3,3_7_5",20,24
17600,50089,5088,"1,0,1,0,1,1,1,1,1,1,1,1","3_6_1,3_2_4,3_4_1,3_6_4,3_2_3,3_6_3,3_7_3,3_7_5",20,24
17600,50089,5104,"1,1,1,0,0,1,1,1,1,1,1,1","3_6_1,3_2_4,3_4_1,3_6_4,3_2_3,3_6_3,3_7_3,3_7_5",20,24
17600,50089,5058,"1,0,1,0,1,0,0,1,1,0,1,1","3_6_1,3_2_4,3_4_1,3_6_4,3_2_3,3_6_3,3_7_3,3_7_5",14,24
17600,50090,5075,"1,0,1,1","4_2_4,4_2_5,3_1_3",6,8
17600,50090,5103,"1,1,1,1","4_2_4,4_2_5,3_1_3",8,8
17600,50085,5097,"1,0,1,1,1,1,1,1,0,0","3_2_4,3_4_1,3_6_1,3_6_4,3_6_3,3_7_3,3_7_1,3_7_6,3_7_4,3_7_5,3_3_2",14,20
17600,50089,5119,"1,1,1,0,1,1,1,1,1,1,1,1","3_6_1,3_2_4,3_4_1,3_6_4,3_2_3,3_6_3,3_7_3,3_7_5",22,24
17600,50089,5061,"1,0,1,0,1,0,1,1,1,1,1,1","3_6_1,3_2_4,3_4_1,3_6_4,3_2_3,3_6_3,3_7_3,3_7_5",18,24
17600,50090,5067,"1,1,1,1","4_2_4,4_2_5,3_1_3",8,8
17600,50091,5055,"0,0,1,0,1,1,1,0,0,1","3_2_4,3_4_1,3_6_1,3_6_4,3_6_3,3_7_3,3_7_1,3_7_6,3_7_4,3_7_5,3_3_2",10,20
17600,50090,5119,"1,1,1,1","4_2_4,4_2_5,3_1_3",8,8
17600,50090,5088,"1,1,1,1","4_2_4,4_2_5,3_1_3",8,8
17600,50089,5114,"1,0,1,0,0,1,1,1,1,1,1,1","3_6_1,3_2_4,3_4_1,3_6_4,3_2_3,3_6_3,3_7_3,3_7_5",18,24
17600,50088,5094,"1,1,0,1,1,1,0,1,1,1,1,1,1,1,1,1,1,1,0,1","2_1_2,2_1_1,2_1_3,2_4_1,2_4_4,2_4_2,2_4_3,2_4_5,2_2_2",34,40
17600,50089,5096,"0,1,1,0,1,0,1,1,1,1,1,1","3_6_1,3_2_4,3_4_1,3_6_4,3_2_3,3_6_3,3_7_3,3_7_5",18,24
17600,50087,5107,"1,1,1,1,1,1,1,1,1,1","3_3_4,3_7_2,3_2_1,3_1_2,3_1_3,3_7_1,4_2_4,3_7_3,3_4_3",20,20
17600,50090,5114,"1,1,1,1","3_6_1,3_2_4,3_4_1,3_6_4,3_2_3,3_6_3,3_7_3,3_7_5",8,8
17600,50089,5116,"1,1,1,0,1,1,1,1,1,1,1,1","4_2_4,4_2_5,3_1_3",22,24
17600,50089,5096,"0,1,1,0,1,0,1,1,1,1,1,1","3_6_1,3_2_4,3_4_1,3_6_4,3_2_3,3_6_3,3_7_3,3_7_5",18,24
17600,50087,5056,"1,1,1,0,1,1,0,0,1,1","3_3_4,3_7_2,3_2_1,3_1_2,3_1_3,3_7_1,4_2_4,3_7_3,3_4_3",14,20
17600,50088,5060,"1,1,1,1,1,1,0,1,1,1,1,1,1,1,1,1,0,0,0,0","2_1_2,2_1_1,2_1_3,2_4_1,2_4_4,2_4_2,2_4_3,2_4_5,2_2_2",30,40
17600,50089,5071,"1,1,1,0,1,1,1,1,1,1,1,1","3_6_1,3_2_4,3_4_1,3_6_4,3_2_3,3_6_3,3_7_3,3_7_5",22,24
17600,50089,5059,"1,1,1,0,1,1,1,1,1,1,1,1","3_6_1,3_2_4,3_4_1,3_6_4,3_2_3,3_6_3,3_7_3,3_7_5",22,24
17600,50090,5116,"1,1,1,1","4_2_4,4_2_5,3_1_3",8,8
17600,50090,5096,"1,1,1,1","4_2_4,4_2_5,3_1_3",8,8
17600,50089,5112,"1,1,1,0,1,1,1,1,1,1,1,1","3_6_1,3_2_4,3_4_1,3_6_4,3_2_3,3_6_3,3_7_3,3_7_5",22,24
17600,50085,5078,"0,0,1,1,1,1,0,1,0,1","3_2_4,3_4_1,3_6_1,3_6_4,3_6_3,3_7_3,3_7_1,3_7_6,3_7_4,3_7_5,3_3_2",12,20
17600,50089,5101,"1,1,1,0,1,0,1,1,1,1,1,1","3_6_1,3_2_4,3_4_1,3_6_4,3_2_3,3_6_3,3_7_3,3_7_5",20,24
17600,50089,5110,"1,0,1,0,0,0,1,0,1,0,1,1","3_6_1,3_2_4,3_4_1,3_6_4,3_2_3,3_6_3,3_7_3,3_7_5",12,24
17600,50089,5098,"1,1,1,0,1,1,0,0,1,1,1,1","3_6_1,3_2_4,3_4_1,3_6_4,3_2_3,3_6_3,3_7_3,3_7_5",18,24
17600,50089,5063,"1,1,1,0,1,1,0,1,1,1,1,1","3_6_1,3_2_4,3_4_1,3_6_4,3_2_3,3_6_3,3_7_3,3_7_5",20,24
17600,50088,5077,"1,1,1,1,1,1,1,1,1,1,1,1,1,1,1,1,1,1,1,1","2_1_2,2_1_1,2_1_3,2_4_1,2_4_4,2_4_2,2_4_3,2_4_5,2_2_2",40,40
17600,50089,5069,"1,0,1,0,1,0,1,0,1,1,1,1","3_6_1,3_2_4,3_4_1,3_6_4,3_2_3,3_6_3,3_7_3,3_7_5",16,24
17600,50090,5060,"1,1,1,1","4_2_4,4_2_5,3_1_3",8,8
17600,50085,5092,"0,0,1,0,1,1,1,1,0,1","3_2_4,3_4_1,3_6_1,3_6_4,3_6_3,3_7_3,3_7_1,3_7_6,3_7_4,3_7_5,3_3_2",12,20
17600,50085,5093,"0,0,1,1,1,1,0,0,0,1","3_2_4,3_4_1,3_6_1,3_6_4,3_6_3,3_7_3,3_7_1,3_7_6,3_7_4,3_7_5,3_3_2",10,20
17600,50090,5069,"1,1,1,1","4_2_4,4_2_5,3_1_3",8,8
17600,50089,5084,"1,1,1,0,0,0,1,0,0,0,0,1","3_6_1,3_2_4,3_4_1,3_6_4,3_2_3,3_6_3,3_7_3,3_7_5",10,24
17600,50089,5058,"0,1,0,1,0,1,0,0,0,0,1,1","3_6_1,3_2_4,3_4_1,3_6_4,3_2_3,3_6_3,3_7_3,3_7_5",10,24
17600,50090,5066,"1,1,1,1","4_2_4,4_2_5,3_1_3",8,8
17600,50086,5078,"1,0,1,1,1,1,1,1,1,1","3_3_1,3_3_7,3_3_5,3_3_3,3_2_3,3_7_2,3_4_1,3_4_2,3_1_3,4_2_4,4_2_5",18,20
17600,50090,5082,"1,0,1,1","4_2_4,4_2_5,3_1_3",6,8
17600,50089,5057,"1,1,1,0,0,0,1,1,1,1,1,1","3_6_1,3_2_4,3_4_1,3_6_4,3_2_3,3_6_3,3_7_3,3_7_5",18,24
17600,50089,5072,"1,1,1,0,1,0,1,1,1,1,1,1","3_6_1,3_2_4,3_4_1,3_6_4,3_2_3,3_6_3,3_7_3,3_7_5",20,24
17600,50089,5099,"1,1,1,0,1,0,1,1,0,0,0,1","3_6_1,3_2_4,3_4_1,3_6_4,3_2_3,3_6_3,3_7_3,3_7_5",14,24
17600,50091,5064,"1,1,1,1,1,1,1,1,1,1","3_2_4,3_4_1,3_6_1,3_6_4,3_6_3,3_7_3,3_7_1,3_7_6,3_7_4,3_7_5,3_3_2",20,20
17600,50089,5111,"0,1,1,1,1,0,0,0,0,1,1,1","3_6_1,3_2_4,3_4_1,3_6_4,3_2_3,3_6_3,3_7_3,3_7_5",14,24
17600,50090,5063,"1,1,1,1","4_2_4,4_2_5,3_1_3",8,8
17600,50091,5106,"1,1,1,1,1,1,1,1,1,0","3_2_4,3_4_1,3_6_1,3_6_4,3_6_3,3_7_3,3_7_1,3_7_6,3_7_4,3_7_5,3_3_2",18,20
17600,50091,5092,"0,0,1,1,1,1,1,0,0,1","3_2_4,3_4_1,3_6_1,3_6_4,3_6_3,3_7_3,3_7_1,3_7_6,3_7_4,3_7_5,3_3_2",12,20
17600,50091,5097,"1,1,1,1,1,1,1,1,1,1","3_2_4,3_4_1,3_6_1,3_6_4,3_6_3,3_7_3,3_7_1,3_7_6,3_7_4,3_7_5,3_3_2",20,20
17600,50089,5090,"1,1,1,0,1,1,1,1,0,1,0,1","3_6_1,3_2_4,3_4_1,3_6_4,3_2_3,3_6_3,3_7_3,3_7_5",18,24
17600,50089,5096,"1,1,1,0,1,0,1,1,1,1,1,1","3_6_1,3_2_4,3_4_1,3_6_4,3_2_3,3_6_3,3_7_3,3_7_5",20,24
17600,50089,5104,"1,1,0,1,1,1,1,1,1,1,1,1","3_6_1,3_2_4,3_4_1,3_6_4,3_2_3,3_6_3,3_7_3,3_7_5",22,24
17600,50091,5058,"1,1,1,1,1,1,1,1,0,1","3_2_4,3_4_1,3_6_1,3_6_4,3_6_3,3_7_3,3_7_1,3_7_6,3_7_4,3_7_5,3_3_2",18,20
17600,50089,5065,"0,1,1,0,1,0,0,1,0,1,1,1","3_6_1,3_2_4,3_4_1,3_6_4,3_2_3,3_6_3,3_7_3,3_7_5",14,24
17600,50091,5066,"1,0,1,1,1,1,0,0,0,1","3_2_4,3_4_1,3_6_1,3_6_4,3_6_3,3_7_3,3_7_1,3_7_6,3_7_4,3_7_5,3_3_2",12,20
17600,50091,5061,"0,0,1,1,1,1,1,1,0,1","3_2_4,3_4_1,3_6_1,3_6_4,3_6_3,3_7_3,3_7_1,3_7_6,3_7_4,3_7_5,3_3_2",14,20
17600,50089,5068,"1,1,1,1,1,1,1,1,1,1,1,1","3_6_1,3_2_4,3_4_1,3_6_4,3_2_3,3_6_3,3_7_3,3_7_5",24,24
17600,50091,5078,"0,0,1,1,1,1,0,1,0,1","3_2_4,3_4_1,3_6_1,3_6_4,3_6_3,3_7_3,3_7_1,3_7_6,3_7_4,3_7_5,3_3_2",12,20
17600,50089,5060,"1,1,1,0,0,0,1,1,1,0,1,0","3_6_1,3_2_4,3_4_1,3_6_4,3_2_3,3_6_3,3_7_3,3_7_5",14,24
17600,50089,5116,"1,1,1,0,1,1,1,1,1,1,1,1","3_6_1,3_2_4,3_4_1,3_6_4,3_2_3,3_6_3,3_7_3,3_7_5",22,24
17600,50090,5065,"1,1,1,1","4_2_4,4_2_5,3_1_3",8,8
17600,50089,5070,"1,1,1,1,0,0,0,0,1,1,0,1","3_6_1,3_2_4,3_4_1,3_6_4,3_2_3,3_6_3,3_7_3,3_7_5",14,24
17600,50089,5091,"1,0,0,0,1,0,1,0,0,1,1,1","3_6_1,3_2_4,3_4_1,3_6_4,3_2_3,3_6_3,3_7_3,3_7_5",12,24
17600,50089,5115,"1,1,1,1,1,1,0,1,1,1,0,1","3_6_1,3_2_4,3_4_1,3_6_4,3_2_3,3_6_3,3_7_3,3_7_5",20,24
17600,50089,5105,"1,1,1,0,1,1,0,1,1,1,1,1","3_6_1,3_2_4,3_4_1,3_6_4,3_2_3,3_6_3,3_7_3,3_7_5",20,24
17600,50089,5081,"1,1,1,1,1,0,1,0,1,1,1,1","3_6_1,3_2_4,3_4_1,3_6_4,3_2_3,3_6_3,3_7_3,3_7_5",20,24
17600,50091,5108,"1,0,1,1,0,1,1,1,0,0","3_2_4,3_4_1,3_6_1,3_6_4,3_6_3,3_7_3,3_7_1,3_7_6,3_7_4,3_7_5,3_3_2",12,20
17600,50089,5073,"0,0,1,1,1,0,0,0,1,1,0,0","3_6_1,3_2_4,3_4_1,3_6_4,3_2_3,3_6_3,3_7_3,3_7_5",10,24
17600,50089,5063,"1,0,1,0,1,1,1,1,1,1,1,1","3_6_1,3_2_4,3_4_1,3_6_4,3_2_3,3_6_3,3_7_3,3_7_5",20,24
17600,50089,5112,"1,1,0,1,0,0,1,1,1,1,1,1","3_6_1,3_2_4,3_4_1,3_6_4,3_2_3,3_6_3,3_7_3,3_7_5",18,24
17600,50091,5080,"1,1,1,1,1,1,0,0,1,1","3_2_4,3_4_1,3_6_1,3_6_4,3_6_3,3_7_3,3_7_1,3_7_6,3_7_4,3_7_5,3_3_2",16,20
17600,50090,5081,"1,1,1,1","4_2_4,4_2_5,3_1_3",8,8
17600,50089,5109,"1,1,1,1,1,1,1,1,1,1,1,1","3_6_1,3_2_4,3_4_1,3_6_4,3_2_3,3_6_3,3_7_3,3_7_5",24,24
17600,50089,5093,"0,0,1,0,1,1,0,1,1,1,1,1","3_6_1,3_2_4,3_4_1,3_6_4,3_2_3,3_6_3,3_7_3,3_7_5",16,24
17600,50091,5103,"1,1,1,1,1,1,1,1,0,0","3_2_4,3_4_1,3_6_1,3_6_4,3_6_3,3_7_3,3_7_1,3_7_6,3_7_4,3_7_5,3_3_2",16,20
17600,50089,5078,"1,1,0,0,0,0,1,1,1,1,1,1","3_6_1,3_2_4,3_4_1,3_6_4,3_2_3,3_6_3,3_7_3,3_7_5",16,24
17600,50089,5111,"1,1,1,1,1,0,0,1,1,1,1,1","3_6_1,3_2_4,3_4_1,3_6_4,3_2_3,3_6_3,3_7_3,3_7_5",20,24
17600,50091,5086,"1,1,1,1,1,1,0,0,1,0","3_2_4,3_4_1,3_6_1,3_6_4,3_6_3,3_7_3,3_7_1,3_7_6,3_7_4,3_7_5,3_3_2",14,20
17600,50091,5085,"1,1,1,1,1,1,1,1,1,1","3_2_4,3_4_1,3_6_1,3_6_4,3_6_3,3_7_3,3_7_1,3_7_6,3_7_4,3_7_5,3_3_2",20,20
17600,50089,5105,"1,1,1,1,1,1,0,1,1,1,1,1","3_6_1,3_2_4,3_4_1,3_6_4,3_2_3,3_6_3,3_7_3,3_7_5",22,24
17600,50086,5068,"1,0,1,0,0,0,0,1,1,1","3_3_1,3_3_7,3_3_5,3_3_3,3_2_3,3_7_2,3_4_1,3_4_2,3_1_3,4_2_4,4_2_5",10,20
17600,50091,5056,"1,0,0,1,0,1,1,0,0,0","3_2_4,3_4_1,3_6_1,3_6_4,3_6_3,3_7_3,3_7_1,3_7_6,3_7_4,3_7_5,3_3_2",8,20
17600,50091,5095,"1,1,1,1,1,1,0,0,0,1","3_2_4,3_4_1,3_6_1,3_6_4,3_6_3,3_7_3,3_7_1,3_7_6,3_7_4,3_7_5,3_3_2",14,20
17600,50090,5078,"1,1,1,1","4_2_4,4_2_5,3_1_3",8,8
17600,50090,5093,"1,1,1,1","4_2_4,4_2_5,3_1_3",8,8
17600,50091,5114,"1,1,1,1,0,1,1,1,0,0","3_2_4,3_4_1,3_6_1,3_6_4,3_6_3,3_7_3,3_7_1,3_7_6,3_7_4,3_7_5,3_3_2",14,20
17600,50091,5065,"1,0,0,1,0,1,0,0,0,0","3_2_4,3_4_1,3_6_1,3_6_4,3_6_3,3_7_3,3_7_1,3_7_6,3_7_4,3_7_5,3_3_2",6,20
17600,50091,5110,"0,0,1,1,0,1,0,1,1,1","3_2_4,3_4_1,3_6_1,3_6_4,3_6_3,3_7_3,3_7_1,3_7_6,3_7_4,3_7_5,3_3_2",12,20
17600,50091,5057,"1,0,1,1,1,1,1,0,1,1","3_6_1,3_2_4,3_4_1,3_6_4,3_2_3,3_6_3,3_7_3,3_7_5",16,20
17600,50089,5107,"1,1,1,0,1,0,0,0,0,1,0,1","3_2_4,3_4_1,3_6_1,3_6_4,3_6_3,3_7_3,3_7_1,3_7_6,3_7_4,3_7_5,3_3_2",12,24
17600,50089,5102,"1,0,1,1,1,0,1,0,1,1,1,1","3_6_1,3_2_4,3_4_1,3_6_4,3_2_3,3_6_3,3_7_3,3_7_5",18,24
17600,50091,5099,"1,0,1,1,1,1,0,0,0,0","3_2_4,3_4_1,3_6_1,3_6_4,3_6_3,3_7_3,3_7_1,3_7_6,3_7_4,3_7_5,3_3_2",10,20
17600,50089,5087,"1,0,1,0,0,0,1,1,0,0,0,1","3_6_1,3_2_4,3_4_1,3_6_4,3_2_3,3_6_3,3_7_3,3_7_5",10,24
17600,50091,5062,"1,1,1,1,1,1,0,0,0,0","3_2_4,3_4_1,3_6_1,3_6_4,3_6_3,3_7_3,3_7_1,3_7_6,3_7_4,3_7_5,3_3_2",12,20
17600,50091,5092,"0,1,1,1,1,1,1,1,0,0","3_2_4,3_4_1,3_6_1,3_6_4,3_6_3,3_7_3,3_7_1,3_7_6,3_7_4,3_7_5,3_3_2",14,20
17600,50090,5080,"1,1,0,1","4_2_4,4_2_5,3_1_3",6,8
17600,50091,5069,"1,0,1,1,1,1,1,1,0,1","3_2_4,3_4_1,3_6_1,3_6_4,3_6_3,3_7_3,3_7_1,3_7_6,3_7_4,3_7_5,3_3_2",16,20
17600,50091,5092,"0,1,1,1,1,1,1,1,0,0","3_2_4,3_4_1,3_6_1,3_6_4,3_6_3,3_7_3,3_7_1,3_7_6,3_7_4,3_7_5,3_3_2",14,20
17600,50091,5060,"1,0,0,1,1,1,1,1,0,0","3_2_4,3_4_1,3_6_1,3_6_4,3_6_3,3_7_3,3_7_1,3_7_6,3_7_4,3_7_5,3_3_2",12,20
17600,50091,5079,"1,1,1,1,1,1,1,0,1,1","3_2_4,3_4_1,3_6_1,3_6_4,3_6_3,3_7_3,3_7_1,3_7_6,3_7_4,3_7_5,3_3_2",18,20
17600,50090,5057,"1,1,1,1","4_2_4,4_2_5,3_1_3",8,8
17600,50091,5098,"1,0,1,1,1,1,1,1,0,0","3_2_4,3_4_1,3_6_1,3_6_4,3_6_3,3_7_3,3_7_1,3_7_6,3_7_4,3_7_5,3_3_2",14,20
17600,50091,5084,"1,1,1,1,1,1,1,0,1,1","3_2_4,3_4_1,3_6_1,3_6_4,3_6_3,3_7_3,3_7_1,3_7_6,3_7_4,3_7_5,3_3_2",18,20
17600,50091,5063,"1,0,1,1,1,1,0,0,0,0","3_2_4,3_4_1,3_6_1,3_6_4,3_6_3,3_7_3,3_7_1,3_7_6,3_7_4,3_7_5,3_3_2",10,20
17600,50091,5076,"1,1,1,1,1,1,1,0,1,1","3_2_4,3_4_1,3_6_1,3_6_4,3_6_3,3_7_3,3_7_1,3_7_6,3_7_4,3_7_5,3_3_2",18,20
17600,50089,5082,"1,1,0,0,1,1,0,1,0,1,1,1","3_6_1,3_2_4,3_4_1,3_6_4,3_2_3,3_6_3,3_7_3,3_7_5",16,24
17600,50091,5070,"1,1,1,1,0,1,1,0,0,1","3_2_4,3_4_1,3_6_1,3_6_4,3_6_3,3_7_3,3_7_1,3_7_6,3_7_4,3_7_5,3_3_2",14,20
17600,50091,5072,"1,0,1,1,1,1,0,0,0,0","3_2_4,3_4_1,3_6_1,3_6_4,3_6_3,3_7_3,3_7_1,3_7_6,3_7_4,3_7_5,3_3_2",10,20
17600,50091,5115,"1,1,1,1,0,1,1,0,0,0","3_2_4,3_4_1,3_6_1,3_6_4,3_6_3,3_7_3,3_7_1,3_7_6,3_7_4,3_7_5,3_3_2",12,20
17600,50091,5095,"1,1,1,1,1,1,1,1,0,1","3_2_4,3_4_1,3_6_1,3_6_4,3_6_3,3_7_3,3_7_1,3_7_6,3_7_4,3_7_5,3_3_2",18,20
17600,50091,5091,"1,0,0,1,1,1,0,0,0,0","3_2_4,3_4_1,3_6_1,3_6_4,3_6_3,3_7_3,3_7_1,3_7_6,3_7_4,3_7_5,3_3_2",8,20
17600,50091,5073,"0,1,1,1,0,0,1,1,1,1","3_2_4,3_4_1,3_6_1,3_6_4,3_6_3,3_7_3,3_7_1,3_7_6,3_7_4,3_7_5,3_3_2",14,20
17600,50090,5072,"1,1,1,1","4_2_4,4_2_5,3_1_3",8,8
17600,50089,5074,"1,1,1,0,1,1,1,0,0,1,0,1","3_6_1,3_2_4,3_4_1,3_6_4,3_2_3,3_6_3,3_7_3,3_7_5",16,24
17600,50091,5059,"1,1,1,1,1,1,1,0,0,1","3_2_4,3_4_1,3_6_1,3_6_4,3_6_3,3_7_3,3_7_1,3_7_6,3_7_4,3_7_5,3_3_2",16,20
17600,50091,5075,"1,1,1,1,1,1,1,0,0,1","3_2_4,3_4_1,3_6_1,3_6_4,3_6_3,3_7_3,3_7_1,3_7_6,3_7_4,3_7_5,3_3_2",16,20
17600,50091,5093,"0,1,1,1,1,1,0,0,0,1","3_2_4,3_4_1,3_6_1,3_6_4,3_6_3,3_7_3,3_7_1,3_7_6,3_7_4,3_7_5,3_3_2",12,20
17600,50091,5067,"1,0,0,1,1,1,1,0,1,0","3_2_4,3_4_1,3_6_1,3_6_4,3_6_3,3_7_3,3_7_1,3_7_6,3_7_4,3_7_5,3_3_2",12,20
17600,50089,5109,"1,1,1,1,1,1,1,1,1,1,1,1","3_6_1,3_2_4,3_4_1,3_6_4,3_2_3,3_6_3,3_7_3,3_7_5",24,24
17600,50089,5094,"1,0,1,0,0,0,0,0,1,1,0,0","3_6_1,3_2_4,3_4_1,3_6_4,3_2_3,3_6_3,3_7_3,3_7_5",8,24
17600,50090,5070,"1,1,1,0","4_2_4,4_2_5,3_1_3",6,8
17600,50091,5116,"1,1,1,1,1,1,0,1,1,1","3_2_4,3_4_1,3_6_1,3_6_4,3_6_3,3_7_3,3_7_1,3_7_6,3_7_4,3_7_5,3_3_2",18,20
17600,50091,5071,"1,0,1,1,1,1,1,1,1,0","3_2_4,3_4_1,3_6_1,3_6_4,3_6_3,3_7_3,3_7_1,3_7_6,3_7_4,3_7_5,3_3_2",16,20
17600,50091,5089,"1,1,1,1,1,1,1,0,0,1","3_2_4,3_4_1,3_6_1,3_6_4,3_6_3,3_7_3,3_7_1,3_7_6,3_7_4,3_7_5,3_3_2",16,20
17600,50090,5074,"1,1,1,1","4_2_4,4_2_5,3_1_3",8,8
17600,50091,5096,"1,1,1,1,1,1,0,0,0,1","3_2_4,3_4_1,3_6_1,3_6_4,3_6_3,3_7_3,3_7_1,3_7_6,3_7_4,3_7_5,3_3_2",14,20
17600,50089,5066,"1,1,1,0,1,0,1,0,1,1,1,1","3_6_1,3_2_4,3_4_1,3_6_4,3_2_3,3_6_3,3_7_3,3_7_5",18,24
17600,50091,5104,"1,1,1,1,0,1,1,1,0,1","3_2_4,3_4_1,3_6_1,3_6_4,3_6_3,3_7_3,3_7_1,3_7_6,3_7_4,3_7_5,3_3_2",16,20
17600,50091,5068,"1,1,1,1,1,1,0,0,0,1","3_2_4,3_4_1,3_6_1,3_6_4,3_6_3,3_7_3,3_7_1,3_7_6,3_7_4,3_7_5,3_3_2",14,20
17600,50089,5095,"1,1,0,1,1,1,0,1,1,1,0,1","3_6_1,3_2_4,3_4_1,3_6_4,3_2_3,3_6_3,3_7_3,3_7_5",18,24
17600,50089,5083,"1,0,1,0,0,0,1,0,1,0,1,1","3_6_1,3_2_4,3_4_1,3_6_4,3_2_3,3_6_3,3_7_3,3_7_5",12,24
17600,50090,5094,"1,1,0,0","4_2_4,4_2_5,3_1_3",4,8
17600,50091,5101,"1,0,1,1,1,1,1,0,0,1","3_2_4,3_4_1,3_6_1,3_6_4,3_6_3,3_7_3,3_7_1,3_7_6,3_7_4,3_7_5,3_3_2",14,20
17600,50091,5087,"0,0,0,0,0,1,1,1,1,0","3_2_4,3_4_1,3_6_1,3_6_4,3_6_3,3_7_3,3_7_1,3_7_6,3_7_4,3_7_5,3_3_2",8,20
17600,50091,5105,"1,1,1,1,0,1,0,0,0,1","3_2_4,3_4_1,3_6_1,3_6_4,3_6_3,3_7_3,3_7_1,3_7_6,3_7_4,3_7_5,3_3_2",12,20
17600,50091,5111,"1,1,1,1,1,1,1,1,0,1","3_2_4,3_4_1,3_6_1,3_6_4,3_6_3,3_7_3,3_7_1,3_7_6,3_7_4,3_7_5,3_3_2",18,20
17600,50091,5082,"1,0,1,1,0,1,1,0,1,0","3_2_4,3_4_1,3_6_1,3_6_4,3_6_3,3_7_3,3_7_1,3_7_6,3_7_4,3_7_5,3_3_2",12,20
17600,50091,5081,"1,1,1,1,1,1,1,1,1,1","3_2_4,3_4_1,3_6_1,3_6_4,3_6_3,3_7_3,3_7_1,3_7_6,3_7_4,3_7_5,3_3_2",20,20
17600,50091,5102,"1,1,1,1,0,1,1,0,0,1","3_2_4,3_4_1,3_6_1,3_6_4,3_6_3,3_7_3,3_7_1,3_7_6,3_7_4,3_7_5,3_3_2",14,20
17600,50089,5077,"1,1,1,1,0,1,1,0,0,1,1,1","3_6_1,3_2_4,3_4_1,3_6_4,3_2_3,3_6_3,3_7_3,3_7_5",18,24
17600,50091,5119,"1,1,1,1,1,1,1,1,0,1","3_2_4,3_4_1,3_6_1,3_6_4,3_6_3,3_7_3,3_7_1,3_7_6,3_7_4,3_7_5,3_3_2",18,20
17600,50091,5088,"0,0,1,1,1,1,0,0,0,1","3_2_4,3_4_1,3_6_1,3_6_4,3_6_3,3_7_3,3_7_1,3_7_6,3_7_4,3_7_5,3_3_2",10,20
17600,50088,5056,"1,1,0,1,1,0,1,1,0,1,0,1,1,0,1,1,1,1,0,1","2_1_2,2_1_1,2_1_3,2_4_1,2_4_4,2_4_2,2_4_3,2_4_5,2_2_2",28,40
17600,50090,5077,"1,1,1,1","4_2_4,4_2_5,3_1_3",8,8
17600,50091,5107,"1,1,1,1,0,1,0,0,0,1","3_2_4,3_4_1,3_6_1,3_6_4,3_6_3,3_7_3,3_7_1,3_7_6,3_7_4,3_7_5,3_3_2",12,20
17600,50088,5090,"1,1,1,1,1,1,1,1,1,1,1,1,1,1,0,1,1,1,1,1","2_1_2,2_1_1,2_1_3,2_4_1,2_4_4,2_4_2,2_4_3,2_4_5,2_2_2",38,40
17600,50091,5094,"1,0,1,0,0,1,0,1,0,1","3_2_4,3_4_1,3_6_1,3_6_4,3_6_3,3_7_3,3_7_1,3_7_6,3_7_4,3_7_5,3_3_2",10,20
17600,50090,5090,"1,1,1,1","4_2_4,4_2_5,3_1_3",8,8
17600,50091,5074,"1,0,0,1,1,1,1,1,0,1","3_2_4,3_4_1,3_6_1,3_6_4,3_6_3,3_7_3,3_7_1,3_7_6,3_7_4,3_7_5,3_3_2",14,20
17600,50088,5055,"1,1,1,1,1,0,1,1,0,1,1,1,1,1,1,1,1,1,0,1","2_1_2,2_1_1,2_1_3,2_4_1,2_4_4,2_4_2,2_4_3,2_4_5,2_2_2",34,40
17600,50091,5109,"1,1,1,1,1,1,0,0,0,1","3_2_4,3_4_1,3_6_1,3_6_4,3_6_3,3_7_3,3_7_1,3_7_6,3_7_4,3_7_5,3_3_2",14,20
17600,50088,5083,"1,1,1,1,1,1,1,1,0,1,1,1,1,1,0,0,0,1,0,1","2_1_2,2_1_1,2_1_3,2_4_1,2_4_4,2_4_2,2_4_3,2_4_5,2_2_2",30,40
17600,50089,5056,"0,1,0,0,0,0,0,0,0,1,0,1","3_6_1,3_2_4,3_4_1,3_6_4,3_2_3,3_6_3,3_7_3,3_7_5",6,24
17600,50090,5083,"1,1,1,1","4_2_4,4_2_5,3_1_3",8,8
17600,50090,5056,"1,1,1,1","4_2_4,4_2_5,3_1_3",8,8
17600,50091,5077,"1,1,0,1,0,1,0,0,0,0","3_2_4,3_4_1,3_6_1,3_6_4,3_6_3,3_7_3,3_7_1,3_7_6,3_7_4,3_7_5,3_3_2",8,20
17600,50089,5055,"1,0,1,0,0,0,0,0,1,0,0,1","3_6_1,3_2_4,3_4_1,3_6_4,3_2_3,3_6_3,3_7_3,3_7_5",8,24
17600,50090,5055,"1,1,1,0","4_2_4,4_2_5,3_1_3",6,8
17600,50086,5090,"1,0,1,1,1,0,1,1,1,1","3_3_1,3_3_7,3_3_5,3_3_3,3_2_3,3_7_2,3_4_1,3_4_2,3_1_3,4_2_4,4_2_5",16,20
17600,-1,5095,"1,1,1,1,1,1,0","3_4_3,3_7_5",12,14
17600,-1,5095,1,3_3_4,2,2
17600,-1,5119,"1,1,1,1,1,1,1","3_7_5,2_2_1,6_1_2",14,14
17600,-1,5119,"1,1,1,1,1,1,1","6_1_2,6_1_3,6_1_4,2_1_1,6_1_1,1_2_5,1_2_6,1_2_7,6_1_5,6_1_6,6_1_7,1_2_3,1_2_4",14,14
17600,-1,5119,"1,1,1,1,1,1","2_1_1,2_1_3,6_1_1,6_1_2,6_1_3,6_1_4,6_1_5,6_1_6,6_1_7",12,12
17600,-1,5119,"1,1","2_2_1,6_1_4,6_1_5,6_1_2,6_1_3,6_1_6,6_1_7",4,4
17600,-1,5119,"1,1,1,1,1,1,1","2_2_1,6_1_2,2_1_1,6_1_3,6_1_4,2_1_2",14,14
17600,-1,5076,"0,1,1,1,1,1,1","2_2_1,6_1_2,1_2_5,1_2_6,1_2_7,6_1_3,6_1_4,2_1_1,6_1_1,6_1_5,6_1_6,6_1_7",12,14
17600,-1,5076,"0,1,1,1,1,1","2_2_1,6_1_4,6_1_5,3_7_4,6_1_2,6_1_3,6_1_6,6_1_7",10,12
17600,-1,5064,"1,1,1,1,0,1,1","3_6_1,3_2_1,2_2_1,6_1_2",12,14
17600,-1,5064,"1,1,0,1,0,1,1","1_2_5,1_2_6,1_2_7,6_1_2,6_1_3,6_1_4,3_4_1,2_1_1,6_1_1,6_1_5,6_1_6,6_1_7",10,14
17600,-1,5064,"0,0,1,1,0,1,1","2_1_1,2_1_3,6_1_1,6_1_2,6_1_8,6_3_1,6_3_2,3_3_7,3_4_1",8,14
17600,-1,5069,"1,1,1,1,1,1,1","3_6_1,3_2_3,3_7_5,3_4_1,1_2_8",14,14
17600,-1,5069,"1,1,1,1,1,1,1","3_6_1,3_2_3,3_7_5,3_4_1,1_2_8",14,14
17600,-1,5069,"1,1,1,1,1,0,1","3_6_1,3_6_4,1_2_5,1_2_6,1_2_7,6_1_2,6_1_3,6_1_4,6_1_5,6_1_6,6_1_7,1_2_3,1_2_4",12,14
17600,-1,5069,"1,1,1,1,1,1,1","2_2_1,6_1_2,6_1_3,6_1_4,2_1_1,2_1_3,6_1_1",14,14
17600,-1,5069,"1,1,1","2_2_1,6_1_4,6_1_5,6_1_2,6_1_3,6_1_6,6_1_7,1_2_3,1_2_4,1_2_5,1_2_6,1_2_7",6,6
17600,-1,5069,"1,1,0,1,1,0,1","1_2_5,6_1_2,6_1_3,6_1_4,2_1_1,2_1_2,1_2_6,1_2_7",10,14
17600,-1,5069,"1,1,1,1,1,1,1",2_1_2,14,14
17600,-1,5069,"1,1,1,1,1,1,1","2_2_1,6_1_2,6_1_3,6_1_4,2_1_1,2_1_3,6_1_1",14,14
17600,-1,5069,"1,1","6_1_2,6_1_3,6_1_4,6_1_5,6_1_6,6_1_7,1_2_3,1_2_4,1_2_5,1_2_6,1_2_7",4,4
17600,-1,5069,"1,1,1,1,1,1,1","1_2_5,6_1_2,6_1_3,6_1_4,2_2_1,6_1_5,2_1_1,2_1_2",14,14
17600,-1,5119,1,"6_1_2,6_1_3,6_1_4,6_1_5,6_1_6,6_1_7",2,2
17600,-1,5119,"1,1,1,1,1,1,1","3_2_3,3_7_2,1_2_5,3_3_1,3_4_3",14,14
17600,-1,5119,"0,1,1,1,1,1,1","3_2_1,2_1_2,1_1_3,3_7_2,3_3_2",12,14
17600,-1,5076,1,"6_1_2,6_1_3,6_1_4,6_1_5,6_1_6,6_1_7",2,2
17600,-1,5076,1,"6_1_2,6_1_3,6_1_4,6_1_5,6_1_6,6_1_7",2,2
17600,-1,5076,"1,1,1,1,1,1,1","3_2_3,3_7_2,1_2_5,3_3_1,3_4_3",14,14
17600,-1,5086,"1,1,1,1,1,1,1","1_1_3,3_2_1,3_7_6",14,14
17600,-1,5119,"1,1,1,1,1,1,1","3_6_1,3_2_1,3_4_1",14,14
17600,-1,5086,"1,1,1,0,0,1,1","3_3_2,1_2_5,1_2_6,1_2_7,6_1_2,6_1_3,6_1_4,2_1_1,6_1_1",10,14
17600,-1,5086,"1,1,1,0,0,1,1","3_3_2,1_2_5,1_2_6,1_2_7,6_1_2,6_1_3,6_1_4,2_1_1,6_1_1",10,14
17600,-1,5086,"1,1,1,0,1,1,0","1_2_5,6_1_2,6_1_3,6_1_4,6_1_5,6_1_6,6_1_7,1_2_2,1_2_3,1_2_4,1_2_6,1_2_7,2_2_1,3_7_4",10,14
17600,-1,5119,"1,1,1,1,1,1,1","3_2_3,3_7_2,3_6_4,1_1_3",14,14
17600,-1,5086,"1,0,1,0,1,1,0","2_2_1,6_1_2,2_1_1,2_1_3,6_1_1,6_1_3,6_1_4",8,14
17600,-1,5086,"1,0,1,1,1,1,1","2_1_1,6_1_8,6_3_1,6_3_2,6_1_1,2_1_3,2_4_2,2_4_3,2_4_4",12,14
17600,-1,5086,"1,1,1,1,1,1,1","2_4_4,2_4_2,2_4_1,2_4_3,2_4_5,2_1_1",14,14
17600,-1,5086,"1,1,1,1,1,1,1","3_3_2,6_1_2,6_1_3,6_1_4,6_1_5,6_1_6,6_1_7,1_2_2,1_2_3,1_2_4,1_2_5,1_2_6,1_2_7,2_1_1,6_1_8,6_3_1,6_3_2",14,14
17600,-1,5086,"1,1,1,0,1,1,1","2_1_2,6_1_2,6_1_3,2_1_1,2_1_3,2_2_1",12,14
17600,-1,5086,"1,1,1,1,1,1,1","6_1_2,6_1_3,6_1_4,2_2_1,6_1_5,2_1_1,3_7_4,6_1_1",14,14
17600,-1,5064,"1,1,1,1,1,1,1","2_2_1,6_1_2,2_1_3,2_4_2,2_4_3,2_4_4,1_2_2,1_2_3,1_2_4,1_2_5,1_2_6,1_2_7,2_1_1,6_1_3,6_1_4,2_1_2",14,14
17600,-1,5064,"1,0,1,1,1,1,1","1_2_5,2_4_2,2_4_1,2_4_3,2_4_4,2_4_5,3_3_7",12,14
17600,-1,5059,"1,1,1,1,1,0,1","3_7_5,1_2_5,1_2_6,1_2_7",12,14
17600,-1,5119,"1,1,1,1,1,1,1","3_7_2,3_6_4,3_2_3,1_1_3,1_1_1",14,14
17600,-1,5119,"1,1,1,1,1,1,1","3_6_3,1_1_1,3_7_2,1_2_8,3_7_5,3_2_3,3_2_1",14,14
17600,-1,5119,"1,1,1,1,1,1,1","1_1_2,2_4_4,3_2_1,3_2_4,3_1_3,3_7_2,3_3_1",14,14
17600,-1,5119,"1,1,1,1,1,1,1","3_1_2,3_1_3,2_2_2,3_2_1,3_2_4,3_6_1,3_7_5",14,14
17600,-1,5064,"1,1,1","1_2_5,1_2_6,1_2_7,2_1_1,6_1_8,6_3_1,6_3_2,1_2_3,1_2_4",6,6
17600,-1,5064,"1,1,1,1,1,1,0","3_2_3,3_7_2,3_3_1,3_4_3,3_2_1",12,14
17600,-1,5057,"1,1,1,1,1,0,1","3_6_3,3_7_5,2_2_1,6_1_2,3_3_2,6_1_1,3_4_1,3_2_4",12,14
17600,-1,5059,"1,1,1,0,0","1_2_3,1_2_4,1_2_5,1_2_6,1_2_7,2_4_1,2_4_2,2_4_3,2_4_4,2_4_5,3_7_4",6,10
17600,-1,5059,"1,1,1,1,1,1,1","1_2_5,2_1_3,2_4_2,2_4_3,2_4_4,2_4_1",14,14
17600,-1,5059,"1,1,1,1,1,1","1_2_5,1_2_6,1_2_7,1_2_3,1_2_4,2_4_1,2_4_2,2_4_3,2_4_4,2_4_5,3_7_4",12,12
17600,-1,5059,1,"1_2_3,1_2_4,1_2_5,1_2_6,1_2_7",2,2
17600,-1,5059,"1,1,0,0,1,0,0","2_2_1,6_1_2,3_2_3,3_7_2,3_3_1,3_4_3",6,14
17600,-1,5059,"0,1,1,1,1,0,1","3_7_2,3_4_3,3_3_1",10,14
17600,-1,5089,"1,1,1,1,1,1,1","1_1_1,3_7_5,2_2_1,6_1_2,6_1_1",14,14
17600,-1,5089,"1,1,1,1,1,1,0","1_2_5,1_2_6,1_2_7,6_1_2,6_1_3,6_1_4,2_1_1,6_1_1,6_1_5,6_1_6,6_1_7,3_3_7",12,14
17600,-1,5089,"1,1,1,1,0,1,1","1_2_5,1_2_3,1_2_4,1_2_6,1_2_7,2_2_1,6_1_4,6_1_5,3_3_7,3_3_5,3_7_4",12,14
17600,-1,5089,"1,0,1,1","6_1_2,6_1_3,6_1_4,6_1_5,6_1_6,6_1_7,3_3_7,1_2_3,1_2_4,1_2_5,1_2_6,1_2_7",6,8
17600,-1,5089,"1,1,1,1,0,1,1","2_2_1,6_1_2,2_1_1,2_1_3,6_1_1,6_1_3,6_1_4,2_1_2",12,14
17600,-1,5089,"1,1,1,1,1,1,0",2_1_2,12,14
17600,-1,5089,"1,1,1,1,1,1,1","1_2_5,1_2_6,1_2_7,2_2_1,6_1_4,6_1_5,6_1_2,6_1_3,6_1_6,6_1_7,3_3_7,1_2_3,1_2_4",14,14
17600,-1,5089,"1,1,1,1,1,1,1","6_1_2,6_1_3,6_1_4,2_1_1,6_1_1,2_2_1,2_1_3",14,14
17600,-1,5089,1,"6_1_2,6_1_3,6_1_4,6_1_5,6_1_6,6_1_7",2,2
17600,-1,5074,"1,1,1,1,1,1,1","3_6_1,1_1_1,3_6_3,3_7_5,3_7_2,2_2_1,6_1_2",14,14
17600,-1,5074,"1,0,1,1,1,1,1","6_1_1,6_1_2,3_4_1,6_1_3,6_1_4,6_1_5,6_1_6,6_1_7,3_6_1,3_6_4",12,14
17600,-1,5074,"1,0,1,1,1,1,1","6_1_1,6_1_2,3_4_1,6_1_3,6_1_4,6_1_5,6_1_6,6_1_7,3_6_1,3_6_4",12,14
17600,-1,5074,"1,1,1,1,1,1,1","6_1_1,6_1_2,3_4_1,6_1_3,6_1_4,6_1_5,6_1_6,6_1_7,3_6_1,3_6_4",14,14
17600,-1,5074,"1,1,1,1,1,1,1","1_2_5,1_2_6,1_2_7,6_1_2,6_1_3,6_1_4,2_1_1,6_1_1,1_2_2,1_2_3,1_2_4",14,14
17600,-1,5074,"1,0,0,1,1,1","2_2_1,6_1_4,6_1_5,3_3_3,3_3_4,1_2_5,1_2_6,1_2_7,1_2_3,1_2_4,6_1_2,6_1_3,6_1_6,6_1_7",8,12
17600,-1,5074,"1,1,1,1,1,1","2_2_1,6_1_4,6_1_5,3_3_3,3_3_4,1_2_5,1_2_6,1_2_7,1_2_3,1_2_4,6_1_2,6_1_3,6_1_6,6_1_7",12,12
17600,-1,5074,"1,1,1,1,1,1","2_2_1,6_1_4,6_1_5,3_3_3,3_3_4,1_2_5,1_2_6,1_2_7,1_2_3,1_2_4,6_1_2,6_1_3,6_1_6,6_1_7",12,12
17600,-1,5074,"1,1,1,1,1,1","2_2_1,6_1_4,6_1_5,3_3_3,3_3_4,1_2_5,1_2_6,1_2_7,1_2_3,1_2_4,6_1_2,6_1_3,6_1_6,6_1_7",12,12
17600,-1,5076,"1,1,0,1,1,1,1","3_6_1,3_6_4",12,14
17600,-1,5102,"0,1,1,1,0,0,1","3_6_1,3_2_3,3_7_5,2_2_1,6_1_2,6_1_1,3_4_1",8,14
17600,-1,5102,"1,1,0,1,1,0,0","2_2_2,6_1_2,6_1_3,6_1_4,6_1_5,6_1_6,6_1_7,3_7_1,3_6_1,3_4_1,6_1_1",8,14
17600,-1,5102,"0,1,1,1,1,1,1","6_1_2,2_2_1,3_6_1,3_6_4,2_1_1,2_1_3,6_1_1,6_1_3,6_1_4",12,14
17600,-1,5102,"1,0,0,1,1,1,1","2_1_3,2_4_2,2_4_3,2_4_4,2_1_1,6_1_1,6_1_2,6_1_3,6_1_4,6_1_8,6_3_1,6_3_2,2_2_1,6_1_5",10,14
17600,-1,5102,"1,1,1,1,1,1,1","6_1_2,6_1_3,6_1_4,2_1_2,2_1_1",14,14
17600,-1,5102,"1,0,1,0,0,1,1","2_1_1,2_1_2,2_1_3,3_1_3,3_7_1,3_7_4,6_1_1,6_1_2,6_1_3,6_1_4,6_1_5,6_1_6,6_1_7",8,14
17600,-1,5119,"1,1,1,1,1,1,1","2_1_1,6_1_8,6_3_1,6_3_2,3_6_1,3_6_4,3_3_2,2_1_3,2_4_2,2_4_3,2_4_4,3_2_4,3_7_3,3_2_1",14,14
17600,-1,5119,"1,1,1,1,1,1,1","2_4_2,2_4_1,2_4_3,2_4_4,2_4_5,2_1_1,2_1_2,2_1_3",14,14
17600,-1,5119,1,"2_1_1,6_1_8,6_3_1,6_3_2",2,2
17600,-1,5119,"1,1,1,1,0,1,1","3_1_3,3_6_1,3_6_3,2_2_2,3_3_2,3_2_4,2_1_2",12,14
17600,-1,5074,"1,1,1,1,1,1,1","2_2_1,6_1_2,2_1_1,2_1_3,6_1_1,6_1_3,6_1_4,2_1_2",14,14
17600,-1,5074,1,"6_1_2,6_1_3,6_1_4,6_1_5,6_1_6,6_1_7",2,2
17600,-1,5074,"1,1,1,1,1,1,1","3_2_3,3_7_2,1_2_5,3_3_1,3_4_3",14,14
17600,-1,5064,"1,1,1,0,1,1,1","3_2_1,10_3_2",12,14
17600,-1,5119,"1,1,1,1",3_3_2,8,8
17600,-1,5119,"1,1,1,1,1,1,0","2_2_1,3_1_2,3_2_3,3_1_3,3_7_5,3_6_4",12,14
17600,-1,5119,"1,1,1,1,1,1","3_6_4,3_4_1,3_6_1",12,12
17600,-1,5102,"1,1,1,0,1,1,1",2_1_2,12,14
17600,-1,5102,"1,1,1,1,1,1,1","2_1_1,2_1_2,2_4_4,3_7_1,2_1_3,6_1_1,6_1_2,6_1_3,6_1_4,2_4_2,2_4_3",14,14
17600,-1,5068,"1,1,1,1,1,0,1","3_2_1,3_7_5,2_2_1,6_1_2,3_4_1,3_2_3,3_7_2",12,14
17600,-1,5068,"0,1,1,1,1,1,1","3_7_2,3_4_3,3_7_6,6_1_1,6_1_2",12,14
17600,-1,5090,"1,1,1,1,1,1,1","3_7_2,3_6_3,3_7_5,1_1_2",14,14
17600,-1,5090,"1,0,1,1","1_2_5,1_2_6,1_2_7,3_3_7,1_2_3,1_2_4",6,8
17600,-1,5090,"0,1",3_3_7,2,4
17600,-1,5090,"0,1",3_3_7,2,4
17600,-1,5090,"0,1",3_3_7,2,4
17600,-1,5090,"1,1",3_3_7,4,4
17600,-1,5090,"1,1,1,1,1,1,1","2_2_1,6_1_2,3_2_3,3_7_2,1_2_5,3_3_1,3_4_3",14,14
17600,-1,5090,"1,1,1,1,1,1,1","2_2_1,6_1_2,3_2_3,3_7_2,1_2_5,3_3_1,3_4_3",14,14
17600,-1,5090,"1,1,1,1,1,1,1","2_2_1,6_1_2,3_2_3,3_7_2,1_2_5,3_3_1,3_4_3",14,14
17600,-1,5090,"1,1,1,1,1,1,1","2_2_1,6_1_2,3_2_3,3_7_2,1_2_5,3_3_1,3_4_3",14,14
17600,-1,5090,"0,0,1,1,0,1,1","3_2_3,3_2_1,2_1_2,1_1_3,3_7_2,6_1_2,6_1_3,6_1_4",8,14
17600,-1,5090,"1,1,1,1,1,1,0","1_1_3,3_2_3,3_2_1",12,14
17600,-1,5119,"1,0,1,1,1,1,1","3_1_3,3_2_4,3_7_5,1_2_8,1_1_1,2_1_2,3_3_1",12,14
17600,-1,5119,"1,1,1,1,1,1,1","3_2_4,3_2_3",14,14
17600,-1,5057,"1,1,1,1,0,0,0","3_7_6,6_1_2,6_1_3,6_1_4,6_1_5,6_1_6,6_1_7,3_7_1,3_4_1,3_6_1,3_6_4",8,14
17600,-1,5057,"1,1,1,1,0,0,0","3_7_6,6_1_2,6_1_3,6_1_4,6_1_5,6_1_6,6_1_7,3_7_1,3_4_1,3_6_1,3_6_4",8,14
17600,-1,5057,"1,1,1,1,0,1,1","3_6_1,6_1_2,2_2_1,1_2_5,1_2_6,1_2_7",12,14
17600,-1,5057,"1,1,1,0,1,1,1","6_1_2,6_1_3,6_1_4,2_1_1,6_1_1,3_6_4,3_3_7,1_2_3,1_2_4,1_2_5,1_2_6,1_2_7",12,14
17600,-1,5057,"1,0,0,1,1,1,1","2_2_1,6_1_4,6_1_5,3_3_3,3_6_4,3_7_4,1_2_3,1_2_4,1_2_5,1_2_6,1_2_7,3_4_1,3_6_1",10,14
17600,-1,5057,"1,1,1,1,1,1","1_2_5,1_2_6,1_2_7,3_3_3,6_1_2,6_1_3,6_1_4,6_1_5,6_1_6,6_1_7,1_2_3,1_2_4",12,12
17600,-1,5076,"1,0,0,1,1,1","3_6_4,3_6_1,3_4_1",8,12
17600,-1,5071,"0,0,1,1,1,0,0","3_6_1,3_4_3,3_2_1,2_2_1,6_1_2,3_3_2",6,14
17600,-1,5071,"1,1,1,1,1,1,1","3_6_1,3_4_3,3_2_1,2_2_1,6_1_2,3_3_2",14,14
17600,-1,5111,"1,1,1,1,0,1,0","3_2_3,3_4_3,3_2_1,3_7_5,3_7_2",10,14
17600,-1,5055,"1,1,1,1,1,1,1","1_1_1,3_2_3,3_7_5,3_7_2,6_1_1,6_1_2",14,14
17600,-1,5093,"1,1,1,1,1,1,1","1_1_3,3_2_3,3_7_5,3_7_2,2_2_1,6_1_2,6_1_1",14,14
17600,-1,5056,"1,1,0,0,1,1,0","3_7_5,2_2_1,6_1_2,3_3_2,3_4_1,3_2_4,3_2_3",8,14
17600,-1,5071,"1,0,0,0,1,0,0","3_1_1,3_1_3,6_1_1,6_1_2,3_4_1,6_1_3,6_1_4,6_1_5,6_1_6,6_1_7,3_1_2",4,14
17600,-1,5071,"1,1,1,1,0,1,1","3_1_1,3_1_3,6_1_1,6_1_2,3_4_1,6_1_3,6_1_4,6_1_5,6_1_6,6_1_7,3_1_2",12,14
17600,-1,5071,"1,1,1,1,1,1,1","3_1_1,3_1_3,6_1_1,6_1_2,3_4_1,6_1_3,6_1_4,6_1_5,6_1_6,6_1_7,3_1_2",14,14
17600,-1,5055,"0,0,1,0,0,1,1","3_4_1,3_2_4,3_4_2,3_6_1,3_6_4",6,14
17600,-1,5056,"0,1,1,0,1,1,1","3_6_1,1_1_3,1_1_1,3_4_3,3_6_3",10,14
17600,-1,5093,"1,1,1,0,1,1,1","3_2_4,1_2_5,1_2_6,1_2_7,3_7_6",12,14
17600,-1,5055,"0,0,1,0,0,0,1","3_7_3,3_2_4,1_2_5,1_2_6,1_2_7",4,14
17600,-1,5056,"0,1,1,1,1,1,1","6_1_1,6_1_2,3_1_2,3_1_3,1_2_5,3_6_4,1_2_6,1_2_7",12,14
17600,-1,5103,"0,0,0,0,0,0,0","3_6_1,1_1_3,1_1_1,3_2_1",0,14
17600,-1,5092,"1,1,1,1,1,1,1","1_1_1,3_2_1,3_7_5,3_3_2",14,14
17600,-1,5056,"1,1,1,1,0,0,1","6_1_2,6_1_3,6_1_4,1_1_3,3_3_7,3_3_2,6_1_5,6_1_6,6_1_7",10,14
17600,-1,5055,"0,0,0,0,1,1,0","3_2_4,3_3_7,1_2_2,1_2_3,1_2_4,1_2_5,1_2_6,1_2_7,2_4_1,2_4_2,2_4_3,2_4_4,2_4_5,3_4_1",4,14
17600,-1,5056,"0,1,1,0,1,0,1","3_7_1,3_6_1,3_4_1,6_1_1,2_2_1,6_1_2,3_6_4",8,14
17600,-1,5066,"1,0,0,0,1,1,1","1_1_1,3_4_3,3_7_6,2_2_1,6_1_2,6_1_1",8,14
17600,-1,5056,"1,1,1,1,1,0,1","3_3_2,2_1_3,2_4_2,2_4_3,2_4_4,2_1_1,6_1_1,6_1_2,6_1_3,6_1_4,1_2_3,1_2_4,1_2_5,1_2_6,1_2_7,2_4_1,2_4_5",12,14
17600,-1,5082,"1,1,1,1,0,1,1","3_6_1,1_1_1,3_2_3,2_2_1,6_1_2,3_3_2,6_1_1",12,14
17600,-1,5056,"1,1,1,1,0,0,1","2_1_1,6_1_8,6_3_1,6_3_2,6_1_2,1_2_5,2_2_1,6_1_4,6_1_5,6_1_3,2_1_2",10,14
17600,-1,5066,"1,1,1,1,1,1,1","3_4_1,1_2_8,6_1_2,6_1_3,6_1_4,6_1_5,6_1_6,6_1_7,3_6_1,3_6_4",14,14
17600,-1,5056,"1,0,0,1,0,0,0","3_1_3,3_7_1,3_3_7,3_3_5,3_7_4,3_3_3,2_4_1,2_4_2,2_4_3,2_4_4,2_4_5",4,14
17600,-1,5090,"0,1,1,1,1,1,1","3_7_5,3_2_3,3_7_2,6_1_2,6_1_3,6_1_4,6_1_5,6_1_6,6_1_7,3_6_4",12,14
17600,-1,5066,"1,1,1,1,1,1,1","2_2_1,6_1_2,1_2_5,1_2_6,1_2_7,3_4_3,6_1_3,6_1_4,2_1_1,2_1_3,6_1_1",14,14
17600,-1,5055,"1,0,0,1,0,1,0","2_4_2,1_2_5,2_1_3,2_4_3,2_4_4,3_7_3,3_7_4",6,14
17600,-1,5056,"1,1,1,1,1,0,1","2_4_2,2_4_4,2_4_1,2_1_1,2_4_3,2_4_5",12,14
17600,-1,5066,"1,1,1,1,0,0,1","1_2_5,1_2_3,1_2_4,1_2_6,1_2_7,2_2_1,6_1_4,6_1_5,3_7_6,3_7_4",10,14
17600,-1,5056,"1,0,1,1,1,1,1","2_2_1,6_1_2,6_1_1,1_2_5,1_2_6,1_2_7,6_1_3,6_1_4",12,14
17600,-1,5066,"1,1,1,1","6_1_2,6_1_3,6_1_4,6_1_5,6_1_6,6_1_7,3_7_6,3_7_4",8,8
17600,-1,5066,"1,1,0,1,1,1,1","6_1_2,6_1_3,6_1_4,2_1_1,2_1_2,2_2_1,6_1_1",12,14
17600,-1,5056,"1,1,1,1,1,1,1","3_3_7,6_1_2,6_1_3,6_1_4,6_1_5,6_1_6,6_1_7,3_7_1,2_2_1,1_2_3,1_2_4,1_2_5,1_2_6,1_2_7,2_4_1,2_4_2,2_4_3,2_4_4,2_4_5",14,14
17600,-1,5105,"1,1,1,1,1,0,1","3_2_3,3_7_5,3_7_6,3_4_1",12,14
17600,-1,5082,"1,1,1,1,1,1,1","3_1_1,3_1_3,3_4_1,6_1_2,6_1_3,6_1_4,6_1_5,6_1_6,6_1_7,2_2_1,3_7_1,3_1_2",14,14
17600,-1,5056,"1,1,1,1,1,1,1","1_2_5,2_1_3,2_4_2,2_4_3,2_4_4,2_1_1,6_1_1,6_1_2,6_1_3,6_1_4",14,14
17600,-1,5066,"1,1,1,0,1,1,1","2_1_1,6_1_8,6_3_1,6_3_2,6_1_1",12,14
17600,-1,5056,"1,1,1,1,1,1,1","6_1_1,2_1_1,2_1_3,6_1_2,3_7_4,3_3_3,2_4_1,2_4_2,2_4_3,2_4_4,2_4_5",14,14
17600,-1,5056,"1,1,1,1,1,1","2_4_2,2_4_3,2_4_4,2_4_5,1_2_5,1_2_6,1_2_7,6_1_2,6_1_3,6_1_4,6_1_5,6_1_6,6_1_7,1_2_3,1_2_4,2_4_1",12,12
17600,-1,5056,"1,1,1,1,1,1,1","6_1_2,2_1_2,6_1_3,2_2_1,6_1_1,6_1_4",14,14
17600,-1,5056,"1,1","6_1_2,6_1_3,6_1_4,6_1_5,6_1_6,6_1_7,1_2_3,1_2_4,1_2_5,1_2_6,1_2_7",4,4
17600,-1,5055,"1,1,1,1,0,1,1","2_1_1,2_1_3,6_1_1,6_1_2,2_1_2,2_4_4,2_4_1,2_4_2,2_4_3,2_4_5",12,14
17600,-1,5056,"1,0,1,1,1,1,1","1_2_5,2_2_1,6_1_2,2_1_1,6_1_1,6_1_3,6_1_4,2_1_3,6_1_5",12,14
17600,-1,5056,"1,1,1,1,1,1,1","2_2_1,2_1_1,6_1_2,6_1_3,6_1_4,2_1_2,1_2_5,1_2_6,1_2_7",14,14
17600,-1,5056,"1,1,1","2_2_1,6_1_4,6_1_5,6_1_2,6_1_3,6_1_6,6_1_7,1_2_3,1_2_4,1_2_5,1_2_6,1_2_7",6,6
17600,-1,5056,"1,1,1,1,1,1,1","6_1_1,6_1_2,6_1_3,6_1_4,1_2_5,2_2_1,2_1_1,2_1_3",14,14
17600,-1,5105,"1,0,1,1,1,1,1","1_2_5,1_2_6,1_2_7,3_7_1,3_4_1,1_2_3,1_2_4,3_1_3",12,14
17600,-1,5056,"1,1,1","1_2_5,1_2_6,1_2_7,6_1_2,6_1_3,6_1_4,6_1_5,6_1_6,6_1_7,1_2_3,1_2_4",6,6
17600,-1,5056,"0,1,1,1,1,1,1","6_1_2,2_1_1,6_1_3,6_1_4,2_1_2,2_2_1,6_1_1",12,14
17600,-1,5105,1,3_7_4,2,2
17600,-1,5056,"1,1,1","2_2_1,6_1_4,6_1_5,6_1_2,6_1_3,6_1_6,6_1_7,1_2_3,1_2_4,1_2_5,1_2_6,1_2_7",6,6
17600,-1,5056,"1,1,1,1,1,1,1","6_1_2,6_1_3,6_1_4,1_2_5,2_2_1,2_1_1,6_1_1,2_1_3",14,14
17600,-1,5056,"1,1,1","1_2_5,1_2_6,1_2_7,6_1_2,6_1_3,6_1_4,6_1_5,6_1_6,6_1_7,1_2_3,1_2_4",6,6
17600,-1,5082,"1,1,0,1,1,1,0","2_2_1,6_1_2,3_6_1,3_6_4,6_1_3,6_1_4,2_1_1,2_1_3,6_1_1",10,14
17600,-1,5056,"1,1,1,1,1,1,1","2_1_1,6_1_2,6_1_3,6_1_4,2_1_2,2_2_1,6_1_1",14,14
17600,-1,5090,"1,1,1,1,1,1,0","6_1_1,6_1_2,3_7_5",12,14
17600,-1,5081,"1,1,1,1,0,1,1","3_2_1,2_2_1,6_1_2,6_1_1",12,14
17600,-1,5082,"1,1,0,1,1,1,1","2_1_1,6_1_8,6_3_1,6_3_2,6_1_1,2_1_3,2_4_2,2_4_3,2_4_4,6_1_2,6_1_3,6_1_4,1_2_3,1_2_4,1_2_5,1_2_6,1_2_7",12,14
17600,-1,5055,"0,1,1,0,0,0,1","3_2_3,3_2_4,2_4_2,2_4_3,2_4_4,2_4_5,3_4_1",6,14
17600,-1,5094,"1,1,0,0,1,0,1","3_2_1,3_7_5,2_2_1,6_1_2,3_4_1,3_2_3,3_7_2",8,14
17600,-1,5105,"1,0,1,1,0,1,1","2_2_1,6_1_2,3_2_3,3_7_2,1_2_5,3_3_1,3_4_3",10,14
17600,-1,5082,"1,1,1,1,1,0,1","1_2_5,1_2_6,1_2_7,2_1_1,6_1_1,2_2_1,6_1_4,6_1_5,3_7_4,6_1_2",12,14
17600,-1,5082,"0,1","6_1_2,6_1_3,6_1_4,6_1_5,6_1_6,6_1_7,3_7_4",2,4
17600,-1,5105,"1,0,1,1,1,0,1","3_2_3,3_3_1",10,14
17600,-1,5094,"0,1,0,0,1,1,1","3_6_1,1_1_3,3_4_3,3_7_2,6_1_1,6_1_2,3_6_4",8,14
17600,-1,5090,"1,0,1,1,1,1,0","6_1_2,6_1_3,6_1_4,2_1_1,6_1_1,2_2_1,6_1_5,2_1_2",10,14
17600,-1,5055,"0,0,1,1,1,1,1","3_4_1,3_7_3,1_2_5,1_2_6,1_2_7,3_3_7,1_2_2",10,14
17600,-1,5081,"1,1,1,1,1,1,1","1_2_5,1_2_6,1_2_7,6_1_2,6_1_3,6_1_4,1_2_8,2_1_1,6_1_1,6_1_5,6_1_6,6_1_7",14,14
17600,-1,5119,"1,0,1,1,1,1,1","1_1_1,3_3_7,3_2_1,3_7_6,3_6_3,1_1_2,3_2_3",12,14
17600,-1,5081,"1,1,1,1,1","1_2_5,1_2_2,1_2_3,1_2_4,1_2_6,1_2_7",10,10
17600,-1,5081,1,"1_2_3,1_2_4,1_2_5,1_2_6,1_2_7",2,2
17600,-1,5055,"0,1,1,1,1,1,1","3_4_1,3_6_1,3_6_4,2_1_3,2_4_2,2_4_3,2_4_4,1_2_3,1_2_4,1_2_5,1_2_6,1_2_7,2_4_1,2_4_5,3_7_4",12,14
17600,-1,5061,"1,1,1,1,1,1,1","3_6_1,1_1_1,3_7_5,2_2_1,6_1_2,6_1_1",14,14
17600,-1,5090,"1,1,1,1,1,1","2_1_1,2_1_3,6_1_1,6_1_2,6_1_3,6_1_4,6_1_5,6_1_6,6_1_7",12,12
17600,-1,5094,"1,1,0,1,0,1,0","3_7_6,6_1_2,6_1_3,6_1_4,6_1_5,6_1_6,6_1_7,3_7_1,3_6_1,3_4_1,3_6_4",8,14
17600,-1,5090,"1,1","2_2_1,6_1_4,6_1_5,6_1_2,6_1_3,6_1_6,6_1_7",4,4
17600,-1,5090,"0,1,1,1,1,1,1","2_2_1,6_1_2,6_1_3,6_1_4,2_1_1,2_1_3,6_1_1,2_1_2",12,14
17600,-1,5081,"1,1,1,1,1,1,0","3_2_3,3_7_2,3_3_1,3_4_3,3_2_1",12,14
17600,-1,5094,"1,1,1,0,1,1,0","6_1_2,2_2_1,1_1_3,3_6_4,3_7_3,1_2_5,1_2_6,1_2_7",10,14
17600,-1,5055,"0,1,1,0,0,0,1","3_6_1,3_6_4",6,14
17600,-1,5077,"1,1,1,1,0,1,1","3_6_3,3_7_5,2_2_1,6_1_2,3_3_2,3_2_4",12,14
17600,-1,5061,"1,1,1,1,0,1,0","3_4_1,3_2_4,6_1_2,6_1_3,6_1_4,6_1_5,6_1_6,6_1_7,3_6_1,3_6_4",10,14
17600,-1,5090,"0,1,1,1,1","2_2_1,6_1_2,6_1_4,6_1_5,6_1_3,6_1_6,6_1_7",8,10
17600,-1,5055,"0,0,1,0,0,1,1","3_6_1,3_6_4",6,14
17600,-1,5081,"0,1,1,1,1,1,1","3_2_1,10_3_2",12,14
17600,-1,5055,"1,1,1,1,1,1,1","3_6_1,3_6_4",14,14
17600,-1,5055,"1,1","1_2_5,1_2_6,1_2_7,1_2_3,1_2_4",4,4
17600,-1,5077,"0,1,1,0,1,1,1","3_7_6,3_2_4,6_1_2,6_1_3,6_1_4,6_1_5,6_1_6,6_1_7,3_7_1,1_2_5,1_2_6,1_2_7",10,14
17600,-1,5055,"0,0,1,0,1,1,0","2_2_1,6_1_2,3_2_3,3_7_2,3_3_1,3_4_3",6,14
17600,-1,5096,"1,0,1,1,1,1,1","3_6_1,3_4_3,3_2_1,3_7_5,3_4_1",12,14
17600,-1,5081,"1,1,1,1,0,0,0","2_1_2,1_1_3,3_7_2,6_1_2,6_1_3,6_1_4,3_3_2,3_7_5",8,14
17600,-1,5090,"1,0,1,1,1,0,1","3_2_3,1_1_3,3_7_2,3_6_4,1_1_1",10,14
17600,-1,5077,"1,1,1,1,1,1,1","2_2_1,6_1_2,6_1_3,6_1_4,2_1_1,2_1_3,6_1_1",14,14
17600,-1,5077,"1,1,1,1,1,1,1","1_2_3,1_2_4,1_2_5,1_2_6,1_2_7,2_2_1,6_1_4,6_1_5,3_7_6,3_7_4,6_1_2,6_1_3,6_1_6,6_1_7",14,14
17600,-1,5081,"1,1,0,1,1,1,0","3_7_5,3_7_2,3_3_2",10,14
17600,-1,5096,"1,1,0,1,1,1,1","3_6_1,3_6_4,1_2_5,1_2_6,1_2_7,3_7_6,3_4_3,6_1_2,6_1_3,6_1_4",12,14
17600,-1,5055,"1,1,1,0,0,1,1","3_3_1,3_2_3,6_1_2,6_1_3,6_1_4,6_1_5,6_1_6,6_1_7",10,14
17600,-1,5077,"1,1,1,1,1,1,1","2_1_1,6_1_2,6_1_3,6_1_4,2_1_2,6_1_1,1_2_3,1_2_4,1_2_5,1_2_6,1_2_7",14,14
17600,-1,5090,"1,1,1,1,1,1,1","3_2_3,1_1_3,3_7_2,3_6_4,1_1_1",14,14
17600,-1,5094,"1,0,1,1,0,0,1","3_4_3,6_1_2,6_1_3,6_1_4,3_7_3,2_1_1,6_1_1,3_6_4",8,14
17600,-1,5055,"1,1,1,0,1,1,0","2_2_1,6_1_2,6_1_3,6_1_4,2_1_1,6_1_1,3_3_1",10,14
17600,-1,5077,"0,1,1,1","1_2_5,1_2_6,1_2_7,1_2_3,1_2_4",6,8
17600,-1,5081,"0,0,0,1,1,1,0",3_7_2,6,14
17600,-1,5096,"1,1,1,1,1,1,1","6_1_2,6_1_3,6_1_4,2_1_1,6_1_1,6_1_5,6_1_6,6_1_7,1_2_3,1_2_4,1_2_5,1_2_6,1_2_7,2_2_1",14,14
17600,-1,5055,"0,1,0,1,0,0,0","2_1_1,6_1_8,6_3_1,6_3_2,6_1_1,3_3_1,2_2_1,6_1_4,6_1_5,6_1_2,6_1_3",4,14
17600,-1,5090,"1,1,1,1,1,1,1","1_1_1,1_2_8,3_2_3,3_2_1,1_1_2,2_4_4",14,14
17600,-1,5081,"0,1,1,1,1,1,1",3_7_2,12,14
17600,-1,5096,"1,0","3_3_4,3_7_4",2,4
17600,-1,5096,1,3_7_4,2,2
17600,-1,5055,"1,1,1,1,0,1,1","6_1_2,6_1_3,6_1_4,2_1_2,2_1_1",12,14
17600,-1,5055,"1,1,1,0,1,1,1","6_1_1,6_1_2,2_1_1,2_1_3,2_2_1,6_1_3,6_1_4,6_1_5,6_1_6,6_1_7",12,14
17600,-1,5096,"1,1,1,1,0,1,1","2_2_1,6_1_2,3_2_3,3_7_2,1_2_5,3_3_1",12,14
17600,-1,5055,"1,1,1,1,1,1,1","6_1_2,6_1_3,6_1_4,2_1_1,6_1_8,6_3_1,6_3_2,2_2_1,6_1_5,2_1_2",14,14
17600,-1,5055,"1,1","6_1_2,6_1_3,6_1_4,6_1_5,6_1_6,6_1_7,2_1_1,6_1_8,6_3_1,6_3_2",4,4
17600,-1,5102,"1,1,1,1","2_1_1,6_1_8,6_3_1,6_3_2,2_2_1,6_1_4,6_1_5,3_7_4,6_1_2,6_1_3,6_1_6,6_1_7",8,8
17600,-1,5097,"1,0,1,1,1,1,1","1_1_1,3_2_1",12,14
17600,-1,5102,"1,1,1,1,1,1,1","2_2_1,6_1_2,2_1_1,6_1_1,6_1_3,6_1_4,2_1_2",14,14
17600,-1,5055,"0,1,1,1,1,1,1","2_1_1,2_1_2,2_1_3,6_1_2,2_4_4,6_1_1",12,14
17600,-1,5102,"1,1","2_1_1,6_1_8,6_3_1,6_3_2,6_1_2,6_1_3,6_1_4,6_1_5,6_1_6,6_1_7",4,4
17600,-1,5097,"1,1,1,1,1,1,1","2_2_1,6_1_2,6_1_1,1_1_1,6_1_3,6_1_4,6_1_5,6_1_6,6_1_7",14,14
17600,-1,5055,"1,1,1,1,1,0,1","2_1_1,6_1_1,6_1_2,6_1_3,6_1_4,2_2_1,6_1_5,2_1_2",12,14
17600,-1,5102,"1,1,1,1,1,1,1","2_1_1,6_1_1",14,14
17600,-1,5055,"1,0,1,1,1,1,1","2_1_1,2_1_2,2_1_3,6_1_1,6_1_2",12,14
17600,-1,5055,"1,1","6_1_2,6_1_3,6_1_4,6_1_5,6_1_6,6_1_7,2_1_1,6_1_8,6_3_1,6_3_2",4,4
17600,-1,5055,"1,1,1,1,1,1,1","6_1_1,6_1_2,2_2_1,2_1_1,2_1_2,2_1_3,2_4_4",14,14
17600,-1,5055,"1,1,1,1,1,1,1","2_1_1,6_1_1,6_1_2,6_1_3,6_1_4,2_2_1,6_1_5,2_1_2",14,14
17600,-1,5097,"1,1,1,1,1,1,1","6_1_2,6_1_3,6_1_4,2_1_1,6_1_1,1_2_3,1_2_4,1_2_5,1_2_6,1_2_7,2_2_1,6_1_5",14,14
17600,-1,5077,"1,1,0,1,1,0,0","3_2_3,3_7_2,3_3_1,3_4_3,3_2_1",8,14
17600,-1,5097,"1,1,1,1,1","1_2_5,1_2_6,1_2_7,6_1_2,6_1_3,6_1_4,6_1_5,6_1_6,6_1_7,1_2_3,1_2_4",10,10
17600,-1,5097,"0,1,0,1,1,1,1","2_2_1,6_1_2,2_1_1,2_1_3,6_1_1,2_1_2,6_1_3,6_1_4",10,14
17600,-1,5097,"1,1,1,1,1,1,1",2_1_2,14,14
17600,-1,5097,"1,1,1,1,1,1,0","2_2_1,2_1_1,6_1_1,6_1_2,6_1_3,6_1_4,6_1_5",12,14
17600,-1,5097,"1,0,0,0,1,1,1","2_1_1,6_1_8,6_3_1,6_3_2,6_1_1",8,14
17600,-1,5097,"1,1,1,1,1,1,1","2_1_1,2_1_3,6_1_1,6_1_2,6_1_8,6_3_1,6_3_2,6_1_3,6_1_4,6_1_5,6_1_6,6_1_7",14,14
17600,-1,5097,"1,1","2_2_1,6_1_4,6_1_5,6_1_2,6_1_3,6_1_6,6_1_7",4,4
17600,-1,5097,"1,1,1,1,1,1,1","2_1_2,6_1_2,6_1_3,2_2_1,6_1_4",14,14
17600,-1,5077,"1,1,1,1,1,1,1","3_2_1,3_3_1",14,14
17600,-1,5097,1,"6_1_2,6_1_3,6_1_4,6_1_5,6_1_6,6_1_7",2,2
17600,-1,5057,"0,1,1,1,1,1,1","2_1_1,6_1_2,6_1_3,6_1_4,2_1_2,6_1_1,2_2_1,6_1_5",12,14
17600,-1,5076,"0,1,1,1,1,1,1","3_2_1,2_1_2,1_1_3,3_7_2,6_1_2,6_1_3,6_1_4",12,14
17600,-1,5057,"1,1,1,0,0,0,1","2_1_1,2_1_3,6_1_1,6_1_2,6_1_8,6_3_1,6_3_2",8,14
17600,-1,5057,"1,1,1,0,0,0,1","2_1_1,2_1_3,6_1_1,6_1_2,6_1_8,6_3_1,6_3_2",8,14
17600,-1,5057,"1,0,1,1,1,1,1","6_1_1,2_1_3,2_4_2,2_4_3,2_4_4,2_1_1,2_1_2",12,14
17600,-1,5057,"0,1,0,1,0,1,1","2_4_4,2_4_2,2_4_1,2_4_3,2_4_5,2_1_1",8,14
17600,-1,5057,"1,1,1,1,1,1,1","2_4_1,2_4_2,2_4_3,2_4_4,2_2_1,6_1_2,6_1_1,2_1_1,6_1_3,6_1_4",14,14
17600,-1,5057,"1,1,1,1,1,1,1","2_1_2,6_1_2,6_1_3,2_1_3,2_4_2,2_4_3,2_4_4,2_4_1,2_4_5",14,14
17600,-1,5057,"1,1","2_1_1,6_1_8,6_3_1,6_3_2,6_1_2,6_1_3,6_1_4,6_1_5,6_1_6,6_1_7",4,4
17600,-1,5057,"1,1,1,1,1,1,1","2_1_1,2_1_2,2_1_3,2_4_4,6_1_2,6_1_3,6_1_4",14,14
17600,-1,5057,"1,1,1","2_2_1,6_1_4,6_1_5,2_1_1,6_1_8,6_3_1,6_3_2,6_1_2,6_1_3,6_1_6,6_1_7",6,6
17600,-1,5057,"1,1,1,1,1,1,1","2_1_1,6_1_1,6_1_2,6_1_3,6_1_4,2_2_1,2_1_3",14,14
17600,-1,5057,"1,1,1,1,1,1,1","2_1_1,6_1_1,6_1_2,6_1_3,6_1_4,2_2_1,2_1_3",14,14
17600,-1,5057,1,"6_1_2,6_1_3,6_1_4,6_1_5,6_1_6,6_1_7",2,2
17600,-1,5057,1,"6_1_2,6_1_3,6_1_4,6_1_5,6_1_6,6_1_7",2,2
17600,-1,5057,"1,1,1,1,1,1,0","3_2_3,3_7_2,3_3_1,3_4_3,3_2_1",12,14
17600,-1,5057,"1,1,1,1,1,1,0","3_2_3,3_7_2,3_3_1,3_4_3,3_2_1",12,14
17600,-1,5062,"1,1,1,1,1,1,1","3_3_2,3_7_5,1_2_5,1_2_6,1_2_7,3_7_6",14,14
17600,-1,5062,"1,0","1_2_3,1_2_4,1_2_5,1_2_6,1_2_7,3_7_4",2,4
17600,-1,5062,"1,1,1,1,1","1_2_5,1_2_6,1_2_7,1_2_3,1_2_4,3_7_4",10,10
17600,-1,5062,"1,1,0,1,1,1,0","2_2_1,6_1_2,3_2_3,3_7_2,3_3_1,3_4_3",10,14
17600,-1,5062,"1,1,1,1,1,1,1",3_7_2,14,14
17600,-1,5061,"1,1,1,0,1,0,0","3_6_1,6_1_2,2_2_1,3_6_4",8,14
17600,-1,5061,"1,1,1,1,1,1,1","1_2_5,1_2_6,1_2_7,6_1_2,6_1_3,6_1_4,2_1_1,6_1_1,3_6_4,1_2_3,1_2_4",14,14
17600,-1,5090,"1,1,1,1,1,0,1","3_2_4,3_1_3,3_7_2,3_3_1,3_1_2,2_2_2",12,14
17600,-1,5090,"1,1,1,1,1,1,1","3_2_4,3_1_3,3_7_2,3_3_1,3_1_2,2_2_2",14,14
17600,-1,5090,"0,0,0,1,1,0,1","3_2_1,3_2_4,3_6_1,2_1_1,6_1_8,6_3_1,6_3_2,3_6_4,2_1_3,2_4_2,2_4_3,2_4_4",6,14
17600,-1,5090,"1,1,1,1,1,1,1","3_2_1,3_2_4,3_6_1,2_1_1,6_1_8,6_3_1,6_3_2,3_6_4,2_1_3,2_4_2,2_4_3,2_4_4",14,14
17600,-1,5090,"1,1,1,1,1,0,1","2_4_2,2_1_1,2_4_1,2_4_3,2_4_4,2_4_5",12,14
17600,-1,5090,"1,1,1,1,1,1,1","2_4_2,2_1_1,2_4_1,2_4_3,2_4_4,2_4_5",14,14
17600,-1,5090,"1,1,1,0,1,1,0","2_1_1,2_1_2,2_1_3,2_4_4,2_4_1,2_4_2,2_4_3,2_4_5",10,14
17600,-1,5090,"1,1,1,1,1,1,1","2_1_1,2_1_2,2_1_3,2_4_4,2_4_1,2_4_2,2_4_3,2_4_5",14,14
17600,-1,5090,1,"2_1_1,6_1_8,6_3_1,6_3_2",2,2
17600,-1,5090,"1,1,0,1,0,1,0","3_2_4,3_7_3,3_2_1,3_1_3,3_6_1,3_6_3,2_2_2",8,14
17600,-1,5090,"1,1,1,1,1,1,1","3_2_4,3_7_3,3_2_1,3_1_3,3_6_1,3_6_3,2_2_2",14,14
17600,-1,5090,"1,0,1,1,1,1,1","3_4_1,3_2_4,2_1_2,3_1_2,3_2_3,3_1_3",12,14
17600,-1,5090,"1,1,1,1,0,1,1","3_2_4,3_2_3",12,14
17600,-1,5090,"1,1,1,1,1,1,1","3_2_4,3_2_3",14,14
17600,-1,5090,"1,0,1,1,1,1,1","3_7_5,3_6_4,3_1_3,1_2_8,1_1_1,2_1_2",12,14
17600,-1,5064,"1,1,1,1,0,1,1","2_1_2,1_1_3,3_7_2,3_3_2,3_7_5,3_2_3",12,14
17600,-1,5088,"1,1,1,1,0,1,1","3_6_1,3_7_5,2_2_1,6_1_2,3_4_1,3_2_4",12,14
17600,-1,5058,"1,1,1,1,1,1,0","1_1_1,3_2_3,3_7_5,2_2_1,6_1_2,3_4_1",12,14
17600,-1,5058,"1,1,1,0,0,1,1","3_1_1,3_1_3,6_1_2,6_1_3,6_1_4,6_1_5,6_1_6,6_1_7,3_1_2,3_4_1",10,14
17600,-1,5058,"1,0,1,1,1,1,1","3_1_2,6_1_1,6_1_2,2_2_1",12,14
17600,-1,5058,"1,1,1,0,0,0,1","1_2_5,1_2_6,1_2_7,2_1_1,2_1_3,6_1_1,6_1_2,6_1_3,6_1_4",8,14
17600,-1,5085,"1,1,1,1,1,1,1","1_1_1,3_2_3,2_2_1,6_1_2",14,14
17600,-1,5088,"1,0,1,0,1,1,1","3_6_1,3_6_4,3_2_4,1_2_5,1_2_6,1_2_7,3_7_6",10,14
17600,-1,5058,"0,0,1,1,1,1,0","2_1_1,6_1_8,6_3_1,6_3_2,2_1_3,2_4_2,2_4_3,2_4_4,3_4_1,1_2_3,1_2_4,1_2_5,1_2_6,1_2_7,6_1_1,2_2_1,6_1_4,6_1_5",8,14
17600,-1,5088,"1,1,1,0,1,1,1","3_2_4,1_2_2,1_2_3,1_2_4,1_2_5,1_2_6,1_2_7,3_2_3",12,14
17600,-1,5058,"0,0,1,1,1,0,1","2_4_2,2_2_1,1_2_5,2_4_4,2_1_1,6_1_2,6_1_3,6_1_4,2_4_1,2_4_3,2_4_5",8,14
17600,-1,5085,"1,0,1,1,1,1,1","6_1_2,6_1_3,6_1_4,2_1_1,6_1_1,1_2_5,1_2_6,1_2_7,6_1_5,6_1_6,6_1_7,1_2_3,1_2_4",12,14
17600,-1,5058,"1,0,0,1,1,1,1","2_1_2,6_1_2,6_1_3,2_1_1,2_1_3",10,14
17600,-1,5058,"0,1,1,1,1,1,0","2_4_1,2_4_2,2_4_3,2_4_4,2_4_5,2_2_1,6_1_2,6_1_3,6_1_4,6_1_5,6_1_6,6_1_7",10,14
17600,-1,5085,"1,1,0,1,1,1,1","2_1_1,2_1_3,6_1_1,6_1_2,6_1_8,6_3_1,6_3_2,2_2_1,6_1_4,6_1_5",12,14
17600,-1,5058,"1,1,1,1,1,1,0","6_1_1,6_1_2,1_2_5,1_2_6,1_2_7,2_1_1,2_1_3,6_1_3,6_1_4",12,14
17600,-1,5085,"1,1,1,1,1","2_4_1,2_4_2,2_4_3,2_4_4,2_4_5,6_1_2,6_1_3,6_1_4,6_1_5,6_1_6,6_1_7,1_2_3,1_2_4,1_2_5,1_2_6,1_2_7",10,10
17600,-1,5058,"1,1,1,1,1,1,1","2_1_3,2_1_1,2_1_2,2_4_4,6_1_8,6_3_1,6_3_2,2_4_2,2_4_3,2_2_1",14,14
17600,-1,5058,"1,1,1,1,1,1","1_2_3,1_2_4,1_2_5,1_2_6,1_2_7,2_2_1,6_1_4,6_1_5,2_4_1,2_4_2,2_4_3,2_4_4,2_4_5,6_1_2,6_1_3,6_1_6,6_1_7",12,12
17600,-1,5085,"1,0,1,1,1,1","1_2_5,1_2_6,1_2_7,2_2_1,6_1_4,6_1_5,6_1_2,6_1_3,6_1_6,6_1_7,1_2_3,1_2_4",10,12
17600,-1,5085,"1,1,1,0,1,1,1","2_2_1,6_1_2,2_1_1,6_1_3,6_1_4,2_1_2,6_1_1",12,14
17600,-1,5085,"1,1,1,1,1,1,1",2_1_2,14,14
17600,-1,5085,"1,1","6_1_2,6_1_3,6_1_4,6_1_5,6_1_6,6_1_7,1_2_3,1_2_4,1_2_5,1_2_6,1_2_7",4,4
17600,-1,5085,"1,1,1,1,1,1,1","6_1_2,6_1_3,6_1_4,2_1_1,2_1_3,6_1_1,1_2_5,2_2_1",14,14
17600,-1,5085,"1,0,0,1,1,1,1","2_1_1,2_1_2,2_1_3",10,14
17600,-1,5085,"1,1,1,1","1_2_5,1_2_6,1_2_7,2_2_1,6_1_4,6_1_5,6_1_2,6_1_3,6_1_6,6_1_7,1_2_3,1_2_4",8,8
17600,-1,5085,"1,1,1,1,1,1,1","2_1_1,6_1_2,6_1_3,6_1_4,2_1_2,6_1_1,6_1_5,6_1_6,6_1_7",14,14
17600,-1,5085,"1,1","2_2_1,6_1_4,6_1_5,6_1_2,6_1_3,6_1_6,6_1_7",4,4
17600,-1,5085,"1,1,1,1,1,1,1","6_1_2,2_2_1,2_1_1,2_1_3,6_1_1,6_1_3,6_1_4,2_1_2",14,14
17600,-1,5085,1,"6_1_2,6_1_3,6_1_4,6_1_5,6_1_6,6_1_7",2,2
17600,-1,5069,"1,1,0,1,1,1,1","2_2_1,1_2_5,1_2_6,1_2_7,6_1_2,6_1_4,6_1_5,6_1_3,6_1_6,6_1_7,1_2_3,1_2_4",12,14
17600,-1,5111,"1,0,1,0,0,1,1","2_4_2,3_7_5,2_1_1,3_4_1",8,14
17600,-1,5069,"1,1,1,1,0,1,1","6_1_2,6_1_3,6_1_4,2_1_1,2_1_3,6_1_1",12,14
17600,-1,5069,"1,0,0,1,0,1,1","2_1_1,6_1_8,6_3_1,6_3_2,6_1_1",8,14
17600,-1,5069,"1,1,1,1,1,1,1","6_1_1,2_1_1,6_1_8,6_3_1,6_3_2,2_1_3,6_1_2,6_1_3,6_1_4,6_1_5,6_1_6,6_1_7",14,14
17600,-1,5069,"1,1,1","2_2_1,6_1_4,6_1_5,1_2_3,1_2_4,1_2_5,1_2_6,1_2_7,6_1_2,6_1_3,6_1_6,6_1_7",6,6
17600,-1,5111,"1,1,0,0,1,0,1","3_7_5,3_4_1,2_1_3,2_4_2,2_4_3,2_4_4,1_2_5,1_2_6,1_2_7",8,14
17600,-1,5116,"1,1,1,1,1,1,1","3_6_1,3_7_2,3_7_6,2_2_1,6_1_2,6_1_1",14,14
17600,-1,5069,"1,1,0,1,1,1,1","1_2_5,2_1_1,6_1_2,6_1_3,6_1_4,2_1_2,1_2_6,1_2_7,2_2_1",12,14
17600,-1,5069,"0,1,1,1,1,1,0","2_1_1,2_1_2,2_1_3,2_4_4",10,14
17600,-1,5111,"0,0,1,0,0,0,0","2_4_4,3_7_5,3_3_7,3_4_1",2,14
17600,-1,5069,"1,1,1,1,1,1,1","6_1_2,6_1_3,6_1_4,2_1_1,6_1_1,2_2_1,6_1_5,1_2_3,1_2_4,1_2_5,1_2_6,1_2_7",14,14
17600,-1,5063,"0,0,1,0,0,1,0","3_6_1,3_4_3,3_7_5,3_3_2,3_4_1",4,14
17600,-1,5093,"1,1,1,1,1","6_1_2,6_1_3,6_1_4,6_1_5,6_1_6,6_1_7,1_2_3,1_2_4,1_2_5,1_2_6,1_2_7,2_2_1,3_3_4,3_7_4",10,10
17600,-1,5109,"1,1,1,1,1,1,1","3_7_5,3_7_6,2_2_1,6_1_2",14,14
17600,-1,5072,"1,1,0,0,0,1,1","3_6_1,3_7_5,3_7_6,3_3_2,3_4_1",8,14
17600,-1,5093,"1,1,1,1","1_2_5,1_2_6,1_2_7,1_2_3,1_2_4",8,8
17600,-1,5109,"1,1,1,1,1,1,1","6_1_2,6_1_3,6_1_4,2_1_1,6_1_1,1_2_5,1_2_6,1_2_7,6_1_5,6_1_6,6_1_7,1_2_3,1_2_4",14,14
17600,-1,5083,"1,1,1,1,1,0,1","1_1_1,6_1_1,6_1_2,3_4_1,3_2_4,3_6_4",12,14
17600,-1,5083,"1,1,1,0,1,1,1","2_4_2,3_2_4,6_1_2,6_1_3,6_1_4,6_1_5,6_1_6,6_1_7,2_1_3,2_4_3,2_4_4,3_7_3",12,14
17600,-1,5083,"1,1,1,1,1,1,1","2_2_1,6_1_2,1_2_5,1_2_6,1_2_7,6_1_3,6_1_4,2_1_1,2_1_3,6_1_1",14,14
17600,-1,5083,"1,1,1,1,1,1","1_2_3,1_2_4,1_2_5,1_2_6,1_2_7,2_2_1,6_1_4,6_1_5,2_4_1,2_4_2,2_4_3,2_4_4,2_4_5,6_1_2,6_1_3,6_1_6,6_1_7",12,12
17600,-1,5083,"1,1,1,1,1,1,1","1_2_5,6_1_2,6_1_3,6_1_4,2_1_1,2_1_2,1_2_6,1_2_7",14,14
17600,-1,5086,"1,1","6_1_2,6_1_3,6_1_4,6_1_5,6_1_6,6_1_7,2_1_1,6_1_8,6_3_1,6_3_2",4,4
17600,-1,5086,"1,1,1,1,1,0,1","2_1_1,2_1_3,6_1_1,6_1_2,2_2_1,2_1_2,6_1_3",12,14
